;X;Fecha;Titulo.Comunicado;Link;ID;Autor;Autor_G;name
21;20;6/04/2017;Saludo de las FARC al acompañamiento internacional;http://www.farc-ep.co/comunicado/http-www-farc-ep-co-comunicado-saludo-de-las-farc-al-acompanamiento-internacional-html.html;402;secretariado del estado mayor central de las farc-ep;secretariado;2017-04-06_402.txt
24;23;29/03/2017;Las FARC-EP Desmiente Falsedades De Fuerza De Tarea Pegaso De Las FFAA;http://www.farc-ep.co/comunicado/las-farc-ep-desmiente-falsedades-de-fuerza-de-tarea-pegaso-de-las-ffaa.html;399;secretariado nacional de las farc-ep;secretariado;2017-03-29_399.txt
28;27;5/03/2017;¡Cuánto te extrañamos, Chávez!;http://www.farc-ep.co/comunicado/cuanto-te-extranamos-chavez.html;395;secretariado nacional de las farc-ep;secretariado;2017-03-05_395.txt
36;35;10/02/2017;Día de la juventud y la Batalla de La Victoria;http://www.farc-ep.co/comunicado/dia-de-la-juventud-y-la-batalla-de-la-victoria.html;387;secretariado nacional de las farc-ep;secretariado;2017-02-10_387.txt
37;36;8/02/2017;Las FARC-EP Han Honrado Así Su Compromiso Firmado Con El Gobierno Nacional;http://www.farc-ep.co/comunicado/las-farc-ep-han-honrado-asi-su-compromiso-firmado-con-el-gobierno-nacional.html;386;secretariado del estado mayor central de las farc-ep;secretariado;2017-02-08_386.txt
49;48;10/01/2017;Comunicado: Zona Veredal De Icononzo Rechaza Rotundamente Falsas Acusaciones;http://www.farc-ep.co/comunicado/comunicado-zona-veredal-de-icononzo-rechaza-rotundamente-falsas-acusaciones.html;374;secretariado nacional de las farc-ep;secretariado;2017-01-10_374.txt
56;55;21/12/2016;Denuncia Pública Sobre Hechos Violatorios Del CFHBD Por Parte De La Fuerza Pública;http://www.farc-ep.co/comunicado/denuncia-publica-sobre-hechos-violatorios-del-cfhbd-por-parte-de-la-fuerza-publica-1.html;367;secretariado nacional de las farc-ep;secretariado;2016-12-21_367.txt
59;58;8/12/2016;Paramilitares En El Guaviare;http://www.farc-ep.co/comunicado/paramilitares-en-el-guaviare.html;364;secretariado nacional de las farc-ep;secretariado;2016-12-08_364.txt
63;62;26/11/2016;Ante la partida del Comandante Fidel Castro Ruz;http://www.farc-ep.co/comunicado/ante-la-partida-del-comandante-fidel-castro-ruz.html;360;secretariado nacional de las farc-ep;secretariado;2016-11-26_360.txt
66;65;25/11/2016;En recuerdo del camarada Marcos Ana;http://www.farc-ep.co/comunicado/en-recuerdo-del-camarada-marcos-ana.html;357;secretariado nacional de las farc-ep;secretariado;2016-11-25_357.txt
69;68;22/11/2016;Comunicado Conjunto #6;http://www.farc-ep.co/comunicado/comunicado-conjunto-6.html;354;secretariado nacional de las farc-ep;secretariado;2016-11-22_354.txt
77;76;12/11/2016;Discurso de cierre del Acuerdo Definitivo de Paz de las FARC-EP;http://www.farc-ep.co/comunicado/discurso-de-cierre-del-acuerdo-definitivo-de-paz.html;346;secretariado nacional de las farc-ep;secretariado;2016-11-12_346.txt
80;79;27/10/2016;Comunicado Conjunto No. 03;http://www.farc-ep.co/comunicado/comunicado-conjunto-no-03.html;343;secretariado nacional de las farc-ep;secretariado;2016-10-27_343.txt
82;81;14/10/2016;La paz no se detiene;http://www.farc-ep.co/comunicado/la-paz-no-se-detiene.html;341;secretariado nacional de las farc-ep;secretariado;2016-10-14_341.txt
83;82;11/10/2016;Saludamos respaldo ciudadano al Acuerdo Final;http://www.farc-ep.co/comunicado/saludamos-respaldo-ciudadano-al-acuerdo-final.html;340;secretariado nacional de las farc-ep;secretariado;2016-10-11_340.txt
85;84;8/10/2016;Ganar la paz es la gran victoria de todos los colombianos.;http://www.farc-ep.co/comunicado/ganar-la-paz-es-la-gran-victoria-de-todos-los-colombianos.html;338;secretariado nacional de las farc-ep;secretariado;2016-10-08_338.txt
86;85;8/10/2016;El Che vive, invitando a la lucha, inspirando un nuevo amanecer;http://www.farc-ep.co/comunicado/el-che-vive-invitando-a-la-lucha-inspirando-un-nuevo-amanecer.html;337;secretariado nacional de las farc-ep;secretariado;2016-10-08_337.txt
87;86;3/10/2016;La paz llegó para quedarse;http://www.farc-ep.co/comunicado/la-paz-llego-para-quedarse.html;336;secretariado nacional de las farc-ep;secretariado;2016-10-03_336.txt
89;88;1/10/2016;FARC-EP procederá a declarar economía de guerra;http://www.farc-ep.co/comunicado/farc-ep-procedera-a-declarar-economia-de-guerra.html;334;secretariado del estado mayor central de las farc-ep;secretariado;2016-10-01_334.txt
90;89;30/09/2016;Perdón, Bojayá;http://www.farc-ep.co/comunicado/perdon-bojaya.html;333;secretariado del estado mayor central de las farc-ep;secretariado;2016-09-30_333.txt
92;91;26/09/2016;Nuestra única arma será la palabra;http://www.farc-ep.co/comunicado/nuestra-unica-arma-sera-la-palabra.html;331;secretariado del estado mayor central de las farc-ep;secretariado;2016-09-26_331.txt
95;94;14/09/2016;Comunicado Conjunto No. 01, Reunión entre Gobierno Nacional y FARC-EP en el Yarí;http://www.farc-ep.co/comunicado/comunicado-conjunto-no-01-reunion-entre-gobierno-nacional-y-farc-ep-en-el-yari.html;328;secretariado nacional de las farc-ep;secretariado;2016-09-14_328.txt
96;95;8/09/2016;Las Garantías de Seguridad deben implementarse ya;http://www.farc-ep.co/comunicado/farc-ep-rechaza-el-asesinato-de-la-lider-cecilia-coicue.html;327;secretariado nacional de las farc-ep;secretariado;2016-09-08_327.txt
97;96;30/08/2016;Algunas precisiones necesarias;http://www.farc-ep.co/comunicado/algunas-precisiones-necesarias.html;326;secretariado del estado mayor central de las farc-ep;secretariado;2016-08-30_326.txt
98;97;12/08/2016;A Fidel en el 90 aniversario de su nacimiento;http://www.farc-ep.co/comunicado/a-fidel-en-el-90-aniversario-de-su-nacimiento.html;325;secretariado nacional de las farc-ep;secretariado;2016-08-12_325.txt
99;98;9/08/2016;26 años de la partida de Jacobo Arenas;http://www.farc-ep.co/comunicado/26-anos-de-la-partida-de-jacobo-arenas.html;324;secretariado nacional de las farc-ep;secretariado;2016-08-09_324.txt
100;99;26/07/2016;Saludo de las FARC-EP al Gobierno, al Partido y al pueblo de Cuba con ocasión del 26 de Julio;http://www.farc-ep.co/comunicado/saludo-de-las-farc-ep-al-gobierno-al-partido-y-al-pueblo-de-cuba-con-ocasion-del-26-de-julio.html;323;secretariado nacional de las farc-ep;secretariado;2016-07-26_323.txt
101;100;6/07/2016;Fin de las medidas de tributación de las FARC-EP;http://www.farc-ep.co/comunicado/fin-de-las-medidas-de-tributacion-de-las-farc-ep.html;322;secretariado nacional de las farc-ep;secretariado;2016-07-06_322.txt
102;101;5/07/2016;Condolencias a Iván Márquez por muerte de su madre;http://www.farc-ep.co/comunicado/nuestras-condolencias-a-ivan-marquez-y-a-su-familia-por-muerte-de-su-senora-madre.html;321;secretariado nacional de las farc-ep;secretariado;2016-07-05_321.txt
103;102;23/06/2016;Que éste sea el último día de la guerra;http://www.farc-ep.co/comunicado/que-este-sea-el-ultimo-dia-de-la-guerra.html;320;secretariado nacional de las farc-ep;secretariado;2016-06-23_320.txt
104;103;11/06/2016;FARC-EP se solidarizan con familias de las víctimas en Orlando, Florida;http://www.farc-ep.co/comunicado/farc-ep-se-solidarizan-con-victimas-de-masacre-en-orlando-florida.html;319;secretariado nacional de las farc-ep;secretariado;2016-06-11_319.txt
105;104;29/05/2016;Informamos sobre la muerte del Camarada Bernardo Peñaloza;http://www.farc-ep.co/comunicado/informamos-muerte-del-camarada-bernardo-penaloza.html;318;secretariado nacional de las farc-ep;secretariado;2016-05-29_318.txt
106;105;25/05/2016;52 años de lucha por la paz en Colombia;http://www.farc-ep.co/comunicado/52-anos-de-lucha-por-la-paz-en-colombia.html;317;secretariado nacional de las farc-ep;secretariado;2016-05-25_317.txt
107;106;13/05/2016;El pueblo brasileño sabrá inclinar de nuevo la balanza a su favor;http://www.farc-ep.co/comunicado/el-pueblo-brasileno-sabra-inclinar-de-nuevo-la-balanza-a-su-favor.html;316;secretariado nacional de las farc-ep;secretariado;2016-05-13_316.txt
108;107;9/05/2016;A las madres de todo el mundo en su día;http://www.farc-ep.co/comunicado/a-las-madres-de-todo-el-mundo-en-su-dia.html;315;secretariado nacional de las farc-ep;secretariado;2016-05-09_315.txt
109;108;30/04/2016;Saludo a los trabajadores en su día;http://www.farc-ep.co/comunicado/saludo-a-los-trabajadores-en-su-dia.html;314;secretariado nacional de las farc-ep;secretariado;2016-04-30_314.txt
110;109;26/03/2016;Manuel vive en cada uno de nosotros;http://www.farc-ep.co/comunicado/manuel-vive-en-cada-uno-de-nosotros.html;313;secretariado nacional de las farc-ep;secretariado;2016-03-26_313.txt
111;110;8/03/2016;Saludo a la mujer colombiana;http://www.farc-ep.co/comunicado/saludo-a-la-mujer-colombiana.html;312;secretariado nacional de las farc-ep;secretariado;2016-03-08_312.txt
112;111;7/03/2016;Vivirás para siempre, Iván;http://www.farc-ep.co/comunicado/viviras-para-siempre-ivan.html;311;secretariado nacional de las farc-ep;secretariado;2016-03-07_311.txt
113;112;5/03/2016;Chávez y su obra serán siempre un referente para las FARC-EP;http://www.farc-ep.co/comunicado/chavez-y-su-obra-seran-siempre-un-referente-para-las-farc-ep.html;310;secretariado nacional de las farc-ep;secretariado;2016-03-05_310.txt
114;113;1/03/2016;Raúl Reyes vive al igual que sus ideas;http://www.farc-ep.co/comunicado/raul-reyes-vive-al-igual-que-sus-ideas.html;309;secretariado nacional de las farc-ep;secretariado;2016-03-01_309.txt
115;114;24/02/2016;Carta de condolencia a la familia Castro Ruz;http://www.farc-ep.co/comunicado/carta-de-condolencia-a-la-familia-castro-ruz.html;308;secretariado nacional de las farc-ep;secretariado;2016-02-24_308.txt
116;115;19/02/2016;FARC-EP se pronuncia por la injustificada polémica por presencia en El Conejo.;http://www.farc-ep.co/comunicado/farc-ep-se-pronuncia-por-la-injustificada-polemica-por-presencia-en-el-conejo.html;307;secretariado nacional de las farc-ep;secretariado;2016-02-19_307.txt
117;116;19/02/2016;Comunicado: Las FARC-EP repudian atentado contra alcalde de Puerto Rico.;http://www.farc-ep.co/comunicado/comunicado-las-farc-ep-repudian-atentado-contra-alcalde-de-puerto-rico.html;306;secretariado nacional de las farc-ep;secretariado;2016-02-19_306.txt
118;117;8/02/2016;Comandante Martín Villa: Ejemplo de dignidad y consecuencia;http://www.farc-ep.co/comunicado/comandante-martin-villa-ejemplo-de-dignidad-y-consecuencia.html;305;secretariado nacional de las farc-ep;secretariado;2016-02-08_305.txt
119;118;1/02/2016;¿Quién puede ufanarse de los éxitos del Plan Colombia?;http://www.farc-ep.co/comunicado/quien-puede-ufanarse-de-los-exitos-del-plan-colombia.html;304;secretariado nacional de las farc-ep;secretariado;2016-02-01_304.txt
120;119;3/01/2016;Las guerrilleras son mujeres revolucionarias conscientes y libres;http://www.farc-ep.co/comunicado/las-guerrilleras-son-mujeres-revolucionarias-conscientes-y-libres.html;303;secretariado nacional de las farc-ep;secretariado;2016-01-03_303.txt
121;120;30/12/2015;Mensaje de fin de año de las FARC-EP;http://www.farc-ep.co/comunicado/mensaje-de-fin-de-ano-de-las-farc-ep.html;302;secretariado nacional de las farc-ep;secretariado;2015-12-30_302.txt
122;121;13/12/2015;Venezuela requiere solidaridad en lugar de canibalismo;http://www.farc-ep.co/comunicado/venezuela-requiere-solidaridad-en-lugar-de-canibalismo.html;301;secretariado nacional de las farc-ep;secretariado;2015-12-13_301.txt
123;122;14/11/2015;Liberar prisioneros enfermos es un acto humanitario;http://www.farc-ep.co/comunicado/liberar-prisioneros-enfermos-es-un-acto-humanitario.html;300;secretariado nacional de las farc-ep;secretariado;2015-11-14_300.txt
124;123;4/11/2015;Alfonso Cano vive, indestructible, sereno y victorioso;http://www.farc-ep.co/comunicado/alfonso-cano-vive-indestructible-sereno-y-victorioso.html;299;secretariado nacional de las farc-ep;secretariado;2015-11-04_299.txt
125;124;1/11/2015;Carta al Frente Amplio por la Paz;http://www.farc-ep.co/comunicado/carta-al-frente-amplio-por-la-paz.html;298;secretariado nacional de las farc-ep;secretariado;2015-11-01_298.txt
126;125;31/10/2015;En peligro cese al fuego unilteral;http://www.farc-ep.co/comunicado/en-peligro-cese-al-fuego-unilteral.html;297;secretariado nacional de las farc-ep;secretariado;2015-10-31_297.txt
127;126;14/10/2015;Estamos con Palestina;http://www.farc-ep.co/comunicado/estamos-con-palestina.html;296;secretariado nacional de las farc-ep;secretariado;2015-10-14_296.txt
128;127;12/10/2015;A 523 Años después;http://www.farc-ep.co/comunicado/a-523-anos-despues.html;295;secretariado nacional de las farc-ep;secretariado;2015-10-12_295.txt
130;129;23/09/2015;Intervención del comandante Timoleón Jiménez en rueda de prensa - La Habana, Cuba.;http://www.farc-ep.co/comunicado/intervencion-del-comandante-timoleon-jimenez-en-la-rueda-de-prensa-en-la-habana.html;293;secretariado nacional de las farc-ep;secretariado;2015-09-23_293.txt
131;130;26/08/2015;La paz no se puede improvisar;http://www.farc-ep.co/comunicado/la-paz-no-se-puede-improvisar.html;292;secretariado nacional de las farc-ep;secretariado;2015-08-26_292.txt
132;131;10/08/2015;Jacobo Arenas, un infatigable luchador por la paz;http://www.farc-ep.co/comunicado/jacobo-arenas-un-infatigable-luchador-por-la-paz.html;291;secretariado nacional de las farc-ep;secretariado;2015-08-10_291.txt
133;132;26/07/2015;Saludo de las FARC-EP al pueblo de Cuba en el 62 aniversario del 26 de Julio;http://www.farc-ep.co/comunicado/saludo-de-las-farc-ep-al-pueblo-de-cuba-en-el-62-aniversario-del-26-de-julio.html;290;secretariado nacional de las farc-ep;secretariado;2015-07-26_290.txt
134;133;19/07/2015;FARC-EP ordenan a sus unidades cesar actividades ofensivas a partir del 20 de julio;http://www.farc-ep.co/comunicado/farc-ep-ordenan-a-sus-unidades-cesar-actividades-ofensivas-a-partir-del-20-de-julio.html;289;secretariado nacional de las farc-ep;secretariado;2015-07-19_289.txt
135;134;8/07/2015;Comunicado: FARC-EP declara Cese Al Fuego Unilateral;http://www.farc-ep.co/comunicado/comunicado-farc-ep-declara-cese-al-fuego-unilateral.html;288;secretariado nacional de las farc-ep;secretariado;2015-07-08_288.txt
136;135;27/05/2015;FARC-EP, 51 años de lucha por la paz;http://www.farc-ep.co/comunicado/farc-ep-51-anos-de-lucha-por-la-paz.html;287;secretariado nacional de las farc-ep;secretariado;2015-05-27_287.txt
137;136;24/04/2015;Carta abierta de las FARC-EP al Presidente Santos;http://www.farc-ep.co/comunicado/carta-abierta-de-las-farc-ep-al-presidente-santos.html;286;secretariado nacional de las farc-ep;secretariado;2015-04-24_286.txt
138;137;17/12/2014;Cese al fuego unilateral e indefinido;http://www.farc-ep.co/comunicado/cese-al-fuego-unilateral-e-indefinido.html;285;secretariado nacional de las farc-ep;secretariado;2014-12-17_285.txt
139;138;7/06/2014;Carta abierta a los candidatos a la Presidencia;http://www.farc-ep.co/comunicado/carta-abierta-a-los-candidatos-a-la-presidencia.html;284;secretariado nacional de las farc-ep;secretariado;2014-06-07_284.txt
140;139;7/06/2014;Segundo cese al fuego electroral;http://www.farc-ep.co/comunicado/segundo-cese-al-fuego-electroral.html;283;secretariado nacional de las farc-ep;secretariado;2014-06-07_283.txt
141;140;27/05/2014;FARC-EP 1964-2014;http://www.farc-ep.co/comunicado/farc-ep-1964-2014.html;282;secretariado nacional de las farc-ep;secretariado;2014-05-27_282.txt
142;141;19/05/2014;Cese al fuego electoral;http://www.farc-ep.co/comunicado/cese-al-fuego-electoral.html;281;secretariado nacional de las farc-ep;secretariado;2014-05-19_281.txt
143;142;1/05/2014;Saludo a los trabajadores en su Día Internacional;http://www.farc-ep.co/comunicado/saludo-a-los-trabajadores-en-su-dia-internacional.html;280;secretariado nacional de las farc-ep;secretariado;2014-05-01_280.txt
144;143;18/04/2014;Ante la muerte de Gabriel García Márquez;http://www.farc-ep.co/comunicado/ante-la-muerte-de-gabriel-garcia-marquez.html;279;secretariado nacional de las farc-ep;secretariado;2014-04-18_279.txt
145;144;26/03/2014;Manuel Marulanda Vélez, una obra viva;http://www.farc-ep.co/comunicado/manuel-marulanda-velez-una-obra-viva.html;278;secretariado nacional de las farc-ep;secretariado;2014-03-26_278.txt
146;145;21/03/2014;La guerra cuesta la vida diariamente a muchos hijos e hijas de un pueblo que se merece la paz;http://www.farc-ep.co/comunicado/la-guerra-cuesta-la-vida-diariamente-a-muchos-hijos-e-hijas-de-un-pueblo-que-se-merece-la-paz.html;277;secretariado nacional de las farc-ep;secretariado;2014-03-21_277.txt
147;146;7/03/2014;A seis años de su horrendo crimen;http://www.farc-ep.co/comunicado/a-seis-anos-de-su-horrendo-crimen.html;276;secretariado nacional de las farc-ep;secretariado;2014-03-07_276.txt
148;147;5/03/2014;A un año de la muerte del Presidente Chávez;http://www.farc-ep.co/comunicado/a-un-ano-de-la-muerte-del-presidente-chavez.html;275;secretariado nacional de las farc-ep;secretariado;2014-03-05_275.txt
149;148;1/03/2014;Raúl Reyes y su gente, los verdaderos héroes;http://www.farc-ep.co/comunicado/raul-reyes-y-su-gente-los-verdaderos-heroes.html;274;secretariado nacional de las farc-ep;secretariado;2014-03-01_274.txt
150;149;20/02/2014;Falsas revelaciones;http://www.farc-ep.co/comunicado/falsas-revelaciones.html;273;secretariado nacional de las farc-ep;secretariado;2014-02-20_273.txt
151;150;15/02/2014;A PROPOSITO DE ANDRÓMEDA;http://www.farc-ep.co/comunicado/a-proposito-de-andromeda.html;272;secretariado nacional de las farc-ep;secretariado;2014-02-15_272.txt
152;151;10/02/2014;Comunicado Conjunto de los Comandantes de las FARC–EP y el ELN: ¿PARAMILITARISMO OFICIAL?;http://www.farc-ep.co/comunicado/comunicado-conjunto-de-los-comandantes-de-las-farc-ep-y-el-eln-paramilitarismo-oficial.html;271;secretariado nacional de las farc-ep;secretariado;2014-02-10_271.txt
153;152;28/01/2014;SALUDOS A LA CELAC;http://www.farc-ep.co/comunicado/saludos-a-la-celac.html;270;secretariado nacional de las farc-ep;secretariado;2014-01-28_270.txt
154;153;21/01/2014;Comunicado sobre Pradera;http://www.farc-ep.co/comunicado/comunicado-sobre-pradera.html;269;secretariado nacional de las farc-ep;secretariado;2014-01-21_269.txt
155;154;16/01/2014;DECLARACIÓN PÚBLICA A propósito del fin del cese el fuego unilateral;http://www.farc-ep.co/comunicado/declaracion-publica-a-proposito-del-fin-del-cese-el-fuego-unilateral.html;268;secretariado nacional de las farc-ep;secretariado;2014-01-16_268.txt
156;155;5/01/2014;DECLARACIÓN PÚBLICA  En torno al informe del Washington Post;http://www.farc-ep.co/comunicado/declaracion-publica-en-torno-al-informe-del-washington-post.html;267;secretariado nacional de las farc-ep;secretariado;2014-01-05_267.txt
157;156;31/12/2013;Saludo a la revolución cubana en su 55 aniversario;http://www.farc-ep.co/comunicado/saludo-a-la-revolucion-cubana-en-su-55-aniversario.html;266;secretariado nacional de las farc-ep;secretariado;2013-12-31_266.txt
158;157;25/12/2013;SALUDO AL PUEBLO COLOMBIANO CON OCASIÓN DEL FIN DE AÑO La unidad es indispensable en la lucha por la paz;http://www.farc-ep.co/comunicado/saludo-al-pueblo-colombiano-con-ocasion-del-fin-de-ano-la-unidad-es-indispensable-en-la-lucha-por-la-paz.html;265;secretariado nacional de las farc-ep;secretariado;2013-12-25_265.txt
159;158;23/12/2013;A los integrantes de las dos Fuerzas:;http://www.farc-ep.co/comunicado/a-los-integrantes-de-las-dos-fuerzas.html;264;secretariado nacional de las farc-ep;secretariado;2013-12-23_264.txt
160;159;23/12/2013;La paz, un derecho inalienable de los pueblos;http://www.farc-ep.co/comunicado/la-paz-un-derecho-inalienable-de-los-pueblos.html;263;secretariado nacional de las farc-ep;secretariado;2013-12-23_263.txt
161;160;23/12/2013;A las Milicias Bolivarianas, nuestro abrazo de año nuevo.;http://www.farc-ep.co/comunicado/a-las-milicias-bolivarianas-nuestro-abrazo-de-ano-nuevo.html;262;secretariado nacional de las farc-ep;secretariado;2013-12-23_262.txt
162;161;18/12/2013;A Michelle Bachelet;http://www.farc-ep.co/comunicado/a-michelle-bachelet.html;261;secretariado nacional de las farc-ep;secretariado;2013-12-18_261.txt
163;162;13/12/2013;A propósito de la destitución de Gustavo Petro;http://www.farc-ep.co/comunicado/a-proposito-de-la-destitucion-de-gustavo-petro.html;260;secretariado nacional de las farc-ep;secretariado;2013-12-13_260.txt
164;163;9/12/2013;Cese de fuegos y hostilidades  Comunicado del Secretariado Nacional;http://www.farc-ep.co/comunicado/cese-de-fuegos-y-hostilidades-comunicado-del-secretariado-nacional.html;259;secretariado nacional de las farc-ep;secretariado;2013-12-09_259.txt
165;164;6/12/2013;Ante el adiós de Madiba;http://www.farc-ep.co/comunicado/ante-el-adios-de-madiba.html;258;secretariado nacional de las farc-ep;secretariado;2013-12-06_258.txt
166;165;4/11/2013;Inspirados por Alfonso Cano crecen nuestras esperanzas de paz;http://www.farc-ep.co/comunicado/inspirados-por-alfonso-cano-crecen-nuestras-esperanzas-de-paz.html;257;secretariado nacional de las farc-ep;secretariado;2013-11-04_257.txt
167;166;2/11/2013;COMUNICADO Otra violación a los protocolos acordados;http://www.farc-ep.co/comunicado/comunicado-otra-violacion-a-los-protocolos-acordados.html;256;secretariado nacional de las farc-ep;secretariado;2013-11-02_256.txt
168;167;7/10/2013;Nuestro abrazo de aliento al Partido Comunista de Vietnam, a la República Socialista de Vietnam y a su heroico pueblo: Vo Nguyen Giap, guerrero del siglo XX, arquitecto del futuro;http://www.farc-ep.co/comunicado/nuestro-abrazo-de-aliento-al-partido-comunista-de-vietnam-a-la-republica-socialista-de-vietnam-y-a-su-heroico-pueblo-vo-nguyen-giap-guerrero-del-siglo-xx-arquitecto-del-futuro.html;255;secretariado nacional de las farc-ep;secretariado;2013-10-07_255.txt
169;168;28/09/2013;Comunicado - Liberación de Kevin Scott;http://www.farc-ep.co/comunicado/comunicado-liberacion-de-kevin-scott.html;254;secretariado nacional de las farc-ep;secretariado;2013-09-28_254.txt
170;169;22/09/2013;UN HIJO DEL CAMPO COLOMBIANO Jorge Briceño, un hijo del pueblo;http://www.farc-ep.co/comunicado/un-hijo-del-campo-colombiano-jorge-briceno-un-hijo-del-pueblo.html;253;secretariado nacional de las farc-ep;secretariado;2013-09-22_253.txt
171;170;5/08/2013;Liberación del soldado norteamericano Kevin Scott;http://www.farc-ep.co/comunicado/liberacion-del-soldado-norteamericano-kevin-scott.html;252;secretariado nacional de las farc-ep;secretariado;2013-08-05_252.txt
172;171;19/07/2013;Captura del soldado norteamericano Kevin Scott Sutay;http://www.farc-ep.co/comunicado/captura-del-soldado-norteamericano-kevin-scott-sutay.html;251;secretariado nacional de las farc-ep;secretariado;2013-07-19_251.txt
173;172;1/07/2013;El ELN y las FARC-EP, comprometidos y unidos en el mismo objetivo de alcanzar una sociedad democrática, incluyente, soberana y en paz;http://www.farc-ep.co/comunicado/el-eln-y-las-farc-ep-comprometidos-y-unidos-en-el-mismo-objetivo-de-alcanzar-una-sociedad-democratica-incluyente-soberana-y-en-paz.html;250;secretariado nacional de las farc-ep;secretariado;2013-07-01_250.txt
174;173;1/07/2013;Declaración por la paz;http://www.farc-ep.co/comunicado/declaracion-por-la-paz.html;249;secretariado nacional de las farc-ep;secretariado;2013-07-01_249.txt
176;175;9/06/2013;DENUNCIA DEL SUR OCCIDENTE DEL PAÍS ¿Por qué mienten de ese modo?;http://www.farc-ep.co/comunicado/denuncia-del-sur-occidente-del-pais-por-que-mienten-de-ese-modo.html;247;secretariado nacional de las farc-ep;secretariado;2013-06-09_247.txt
177;176;9/06/2013;Declaración de las FARC-EP Entre el cielo y el infierno;http://www.farc-ep.co/comunicado/declaracion-de-las-farc-ep-entre-el-cielo-y-el-infierno.html;246;secretariado nacional de las farc-ep;secretariado;2013-06-09_246.txt
178;177;3/06/2013;Rechazo rotundo a las afirmaciones del presidente Juan Manuel Santos;http://www.farc-ep.co/comunicado/rechazo-rotundo-a-las-afirmaciones-del-presidente-juan-manuel-santos.html;245;secretariado nacional de las farc-ep;secretariado;2013-06-03_245.txt
179;178;1/06/2013;Comunicado de las FARC-EP Sobre la crisis del proceso de paz;http://www.farc-ep.co/comunicado/comunicado-de-las-farc-ep-sobre-la-crisis-del-proceso-de-paz.html;244;secretariado nacional de las farc-ep;secretariado;2013-06-01_244.txt
180;179;27/05/2013;De Marquetalia a La Habana: 49 años luchando por la paz;http://www.farc-ep.co/comunicado/de-marquetalia-a-la-habana-49-anos-luchando-por-la-paz.html;243;secretariado nacional de las farc-ep;secretariado;2013-05-27_243.txt
181;180;12/05/2013;Camarada Carlos Patiño: ¡Presente y combatiente!;http://www.farc-ep.co/comunicado/camarada-carlos-patino-presente-y-combatiente.html;242;secretariado nacional de las farc-ep;secretariado;2013-05-12_242.txt
182;181;20/04/2013;Al señor Francisco Santos;http://www.farc-ep.co/comunicado/al-senor-francisco-santos.html;241;secretariado nacional de las farc-ep;secretariado;2013-04-20_241.txt
183;182;31/03/2013;FARC-EP y ELN “unidad es parte de victoria”;http://www.farc-ep.co/comunicado/farc-ep-y-eln-unidad-es-parte-de-victoria.html;240;secretariado nacional de las farc-ep;secretariado;2013-03-31_240.txt
184;183;26/03/2013;MANUEL VIVO;http://www.farc-ep.co/comunicado/manuel-vivo.html;239;secretariado nacional de las farc-ep;secretariado;2013-03-26_239.txt
185;184;21/03/2013;Muy mala memoria la del mindefensa Pinzón;http://www.farc-ep.co/comunicado/muy-mala-memoria-la-del-mindefensa-pinzon.html;238;secretariado nacional de las farc-ep;secretariado;2013-03-21_238.txt
186;185;19/03/2013;Saludo a la entronización de S. S. Francisco;http://www.farc-ep.co/comunicado/saludo-a-la-entronizacion-de-s-s-francisco.html;237;secretariado nacional de las farc-ep;secretariado;2013-03-19_237.txt
187;186;17/03/2013;Las FARC-EP advertimos al país y el mundo;http://www.farc-ep.co/comunicado/las-farc-ep-advertimos-al-pais-y-el-mundo.html;236;secretariado nacional de las farc-ep;secretariado;2013-03-17_236.txt
188;187;6/03/2013;La memoria de Iván Ríos será siempre un faro encendido en la ruta de la paz;http://www.farc-ep.co/comunicado/la-memoria-de-ivan-rios-sera-siempre-un-faro-encendido-en-la-ruta-de-la-paz.html;235;secretariado nacional de las farc-ep;secretariado;2013-03-06_235.txt
189;188;5/03/2013;HASTA SIEMPRE COMANDANTE HUGO CHAVEZ;http://www.farc-ep.co/comunicado/hasta-siempre-comandante-hugo-chavez.html;234;secretariado nacional de las farc-ep;secretariado;2013-03-05_234.txt
190;189;26/02/2013;Declaración del Estado Mayor Central de las FARC-EP;http://www.farc-ep.co/comunicado/declaracion-del-estado-mayor-central-de-las-farc-ep.html;233;secretariado nacional de las farc-ep;secretariado;2013-02-26_233.txt
191;190;4/02/2013;La campaña de la ultraderecha contra el proceso de paz de La Habana arrecia su intensidad;http://www.farc-ep.co/comunicado/la-campana-de-la-ultraderecha-contra-el-proceso-de-paz-de-la-habana-arrecia-su-intensidad.html;232;secretariado nacional de las farc-ep;secretariado;2013-02-04_232.txt
192;191;2/02/2013;FARC-EP Informan sobre la captura de los agentes de la policía nacional Cristian Camilo Yate Sánchez y a Víctor Alfonso Gonzales Ramírez quienes se encontraban en labores de inteligencia;http://www.farc-ep.co/comunicado/farc-ep-informan-sobre-la-captura-de-los-agentes-de-la-policia-nacional-cristian-camilo-yate-sanchez-y-a-victor-alfonso-gonzales-ramirez-quienes-se-encontraban-en-labores-de-inteligencia.html;231;secretariado nacional de las farc-ep;secretariado;2013-02-02_231.txt
193;192;20/01/2013;DECLARACIÓN PÚBLICA;http://www.farc-ep.co/comunicado/declaracion-publica-1.html;230;secretariado nacional de las farc-ep;secretariado;2013-01-20_230.txt
194;193;28/12/2012;La Paz le pertenece al pueblo;http://www.farc-ep.co/comunicado/la-paz-le-pertenece-al-pueblo.html;229;secretariado nacional de las farc-ep;secretariado;2012-12-28_229.txt
195;194;28/12/2012;Saludo de Año Nuevo Para la militancia del Partido Comunista Clandestino Colombiano;http://www.farc-ep.co/comunicado/saludo-de-ano-nuevo-para-la-militancia-del-partido-comunista-clandestino-colombiano.html;228;secretariado nacional de las farc-ep;secretariado;2012-12-28_228.txt
196;195;5/12/2012;DECLARACIÓN POLÍTICA La paz, un esfuerzo conjunto de toda la nación;http://www.farc-ep.co/comunicado/declaracion-politica-la-paz-un-esfuerzo-conjunto-de-toda-la-nacion.html;227;secretariado nacional de las farc-ep;secretariado;2012-12-05_227.txt
198;197;23/11/2012;Declaración Pública: Rechazamos amenazas a familiares de guerrilleros;http://www.farc-ep.co/comunicado/declaracion-publica-rechazamos-amenazas-a-familiares-de-guerrilleros.html;225;secretariado nacional de las farc-ep;secretariado;2012-11-23_225.txt
199;198;22/11/2012;Señores comité internacional de la cruz roja (CICR).;http://www.farc-ep.co/comunicado/senores-comite-internacional-de-la-cruz-roja-cicr.html;224;secretariado nacional de las farc-ep;secretariado;2012-11-22_224.txt
200;199;20/11/2012;Saludo del Secretariado de las FARC-EP a la Mesa de conversaciones;http://www.farc-ep.co/comunicado/saludo-del-secretariado-de-las-farc-ep-a-la-mesa.html;223;secretariado nacional de las farc-ep;secretariado;2012-11-20_223.txt
201;200;18/11/2012;Primer cese al fuego unilateral de las FARC-EP;http://www.farc-ep.co/comunicado/abriendo-senderos-hacia-la-paz.html;222;secretariado nacional de las farc-ep;secretariado;2012-11-18_222.txt
202;201;6/11/2012;EN EL PRIMER ANIVERSARIO DE SU MUERTE: RINDAMOS TRIBUTO AL CAMARADA ALFONSO CANO FORTALECIENDO LA UNIDAD POPULAR;http://www.farc-ep.co/comunicado/en-el-primer-aniversario-de-su-muerte-rindamos-tributo-al-camarada-alfonso-cano-fortaleciendo-la-unidad-popular.html;221;secretariado nacional de las farc-ep;secretariado;2012-11-06_221.txt
203;202;19/10/2012;Nuestro sueño, la paz con justicia social y soberanía;http://www.farc-ep.co/comunicado/nuestro-sueno-la-paz-con-justicia-social-y-soberania.html;220;secretariado nacional de las farc-ep;secretariado;2012-10-19_220.txt
204;203;11/10/2012;Saludo a Chávez;http://www.farc-ep.co/comunicado/saludo-a-chavez.html;219;secretariado nacional de las farc-ep;secretariado;2012-10-11_219.txt
205;204;2/10/2012;Carta abierta al Comandante Simón Trinidad;http://www.farc-ep.co/comunicado/carta-abierta-al-comandante-simon-trinidad.html;218;secretariado nacional de las farc-ep;secretariado;2012-10-02_218.txt
206;205;1/10/2012;DECLARACIÓN POLÍTICA;http://www.farc-ep.co/comunicado/declaracion-politica.html;217;secretariado nacional de las farc-ep;secretariado;2012-10-01_217.txt
207;206;22/09/2012;Evocando al Comandante Jorge Briceño en su segundo aniversario ¡Nacimos para vencer, y no para ser vencidos!;http://www.farc-ep.co/comunicado/evocando-al-comandante-jorge-briceno-en-su-segundo-aniversario-nacimos-para-vencer-y-no-para-ser-vencidos.html;216;secretariado nacional de las farc-ep;secretariado;2012-09-22_216.txt
208;207;4/09/2012;La Mesa de Conversaciones, un triunfo del clamor nacional por la paz y la solución política;http://www.farc-ep.co/comunicado/la-mesa-de-conversaciones-un-triunfo-del-clamor-nacional-por-la-paz-y-la-solucion-politica.html;215;secretariado nacional de las farc-ep;secretariado;2012-09-04_215.txt
209;208;22/07/2012;Declaración Pública: Sobre la actualidad del país.;http://www.farc-ep.co/comunicado/declaracion-publica-sobre-la-actualidad-del-pais.html;214;secretariado nacional de las farc-ep;secretariado;2012-07-22_214.txt
210;209;8/06/2012;Declaración Pública ¡Que vivan los estudiantes!;http://www.farc-ep.co/comunicado/declaracion-publica-que-vivan-los-estudiantes.html;213;secretariado nacional de las farc-ep;secretariado;2012-06-08_213.txt
211;210;28/05/2012;Regresa triunfante la palabra;http://www.farc-ep.co/comunicado/regresa-triunfante-la-palabra.html;212;secretariado nacional de las farc-ep;secretariado;2012-05-28_212.txt
212;211;27/05/2012;FARC-EP, 48 años de lucha armada rebelde;http://www.farc-ep.co/comunicado/farc-ep-48-anos-de-lucha-armada-rebelde.html;211;secretariado nacional de las farc-ep;secretariado;2012-05-27_211.txt
213;212;26/05/2012;A la gran familia fariana en nuestro 48 aniversario;http://www.farc-ep.co/comunicado/a-la-gran-familia-fariana-en-nuestro-48-aniversario.html;210;secretariado nacional de las farc-ep;secretariado;2012-05-26_210.txt
214;213;29/03/2012;Cuatro años sin el comandante Manuel: Su memoria vive en la lucha diaria de nuestro pueblo por alcanzar La Nueva Colombia;http://www.farc-ep.co/comunicado/cuatro-anos-sin-el-comandante-manuel-su-me-moria-vive-en-la-lucha-diaria-de-nuestro-pueblo-por-alcanzar-la-nueva-colombia.html;209;secretariado nacional de las farc-ep;secretariado;2012-03-29_209.txt
215;214;26/03/2012;Comunicado: Dificultades para la liberación de los 10 prisioneros de Guerra el 26 de marzo;http://www.farc-ep.co/comunicado/comunicado-dificultades-para-la-liberacion-de-los-10-prisioneros-de-guerra-el-26-de-marzo.html;208;secretariado nacional de las farc-ep;secretariado;2012-03-26_208.txt
216;215;26/02/2012;Declaración pública sobre prisioneros y retenciones;http://www.farc-ep.co/comunicado/declaracion-publica-sobre-prisioneros-y-retenciones.html;207;secretariado nacional de las farc-ep;secretariado;2012-02-26_207.txt
217;216;22/02/2012;Diez años después;http://www.farc-ep.co/comunicado/diez-anos-despues.html;206;secretariado nacional de las farc-ep;secretariado;2012-02-22_206.txt
218;217;29/12/2011;Al pueblo colombiano;http://www.farc-ep.co/comunicado/al-pueblo-colombiano.html;205;secretariado nacional de las farc-ep;secretariado;2011-12-29_205.txt
219;218;12/08/2011;SALUDO AL ENCUENTRO NACIONAL POR LA PAZ;http://www.farc-ep.co/comunicado/saludo-al-encuentro-nacional-por-la-paz.html;204;secretariado nacional de las farc-ep;secretariado;2011-08-12_204.txt
220;219;26/05/2011;47 Años de batallas por la paz de Colombia desde la resistencia armada;http://www.farc-ep.co/comunicado/47-anos-de-batallas-por-la-paz-de-colombia-desde-la-resistencia-armada.html;203;secretariado nacional de las farc-ep;secretariado;2011-05-26_203.txt
222;221;25/04/2011;La solidaridad es un principio;http://www.farc-ep.co/comunicado/la-solidaridad-es-un-principio.html;201;secretariado nacional de las farc-ep;secretariado;2011-04-25_201.txt
223;222;8/04/2011;In Memorian;http://www.farc-ep.co/comunicado/in-memorian.html;200;secretariado nacional de las farc-ep;secretariado;2011-04-08_200.txt
224;223;8/04/2011;¡La oligarquía mató a Gaitán!;http://www.farc-ep.co/comunicado/la-oligarquia-mato-a-gaitan.html;199;secretariado nacional de las farc-ep;secretariado;2011-04-08_199.txt
225;224;10/09/2010;¡Gloria eterna al comandante Jorge Briceño, héroe del pueblo en su resistencia contra el opresor!;http://www.farc-ep.co/comunicado/gloria-eterna-al-comandante-jorge-briceno-heroe-del-pueblo-en-su-resistencia-contra-el-opresor.html;198;secretariado nacional de las farc-ep;secretariado;2010-09-10_198.txt
226;225;21/07/2010;Sobre las elecciones presidenciales;http://www.farc-ep.co/comunicado/sobre-las-elecciones-presidenciales.html;197;secretariado nacional de las farc-ep;secretariado;2010-07-21_197.txt
227;226;20/07/2010;El grito de independencia: Un grito de batalla;http://www.farc-ep.co/comunicado/el-grito-de-independencia-un-grito-de-batalla.html;196;secretariado nacional de las farc-ep;secretariado;2010-07-20_196.txt
228;227;19/07/2010;Año bicentenario del grito de independencia;http://www.farc-ep.co/comunicado/ano-bicentenario-del-grito-de-independencia.html;195;secretariado nacional de las farc-ep;secretariado;2010-07-19_195.txt
229;228;27/05/2010;Aniversario 46 de FARC-EP - Batallar por una Nueva Colombia;http://www.farc-ep.co/comunicado/aniversario-46-de-farc-ep-batallar-por-una-nueva-colombia.html;194;secretariado nacional de las farc-ep;secretariado;2010-05-27_194.txt
230;229;23/12/2009;Saludo de fin de año;http://www.farc-ep.co/comunicado/saludo-de-fin-de-ano.html;193;secretariado nacional de las farc-ep;secretariado;2009-12-23_193.txt
231;230;8/12/2009;Sobre la liberación del cabo Moncayo;http://www.farc-ep.co/comunicado/sobre-la-liberacion-del-cabo-moncayo.html;192;secretariado nacional de las farc-ep;secretariado;2009-12-08_192.txt
232;231;13/11/2009;Nuestra Patria es América;http://www.farc-ep.co/comunicado/nuestra-patria-es-america.html;191;secretariado nacional de las farc-ep;secretariado;2009-11-13_191.txt
233;232;6/11/2009;Las mentiras del comisionado Pearl;http://www.farc-ep.co/comunicado/las-mentiras-del-comisionado-pearl.html;190;secretariado nacional de las farc-ep;secretariado;2009-11-06_190.txt
234;233;22/09/2009;Anuncio liberación de Pablo Emilio Moncayo;http://www.farc-ep.co/comunicado/anuncio-liberacion-de-pablo-emilio-moncayo.html;189;secretariado nacional de las farc-ep;secretariado;2009-09-22_189.txt
235;234;25/07/2009;La invasión militar gringa;http://www.farc-ep.co/comunicado/la-invasion-militar-gringa.html;188;secretariado nacional de las farc-ep;secretariado;2009-07-25_188.txt
236;235;23/07/2009;Sobre sucesos en Honduras;http://www.farc-ep.co/comunicado/sobre-sucesos-en-honduras.html;187;secretariado nacional de las farc-ep;secretariado;2009-07-23_187.txt
238;237;3/06/2009;A los militares de honor;http://www.farc-ep.co/comunicado/a-los-militares-de-honor.html;185;secretariado nacional de las farc-ep;secretariado;2009-06-03_185.txt
239;238;9/05/2009;Fascismo a la criolla;http://www.farc-ep.co/comunicado/fascismo-a-la-criolla.html;184;secretariado nacional de las farc-ep;secretariado;2009-05-09_184.txt
240;239;1/05/2009;Primero de mayo;http://www.farc-ep.co/comunicado/primero-de-mayo.html;183;secretariado nacional de las farc-ep;secretariado;2009-05-01_183.txt
241;240;1/04/2009;Gestores De Traición;http://www.farc-ep.co/comunicado/gestores-de-traicion.html;182;secretariado nacional de las farc-ep;secretariado;2009-04-01_182.txt
242;241;15/03/2009;De las FARC-EP a los prisioneros de guerra;http://www.farc-ep.co/comunicado/de-las-farc-ep-a-los-prisioneros-de-guerra.html;181;secretariado nacional de las farc-ep;secretariado;2009-03-15_181.txt
243;242;1/03/2009;A un año de la partida de Raúl e Iván;http://www.farc-ep.co/comunicado/a-un-ano-de-la-partida-de-raul-e-ivan.html;180;secretariado nacional de las farc-ep;secretariado;2009-03-01_180.txt
244;243;10/12/2008;Comunicado frontera con Ecuador;http://www.farc-ep.co/comunicado/comunicado-frontera-con-ecuador.html;179;secretariado nacional de las farc-ep;secretariado;2008-12-10_179.txt
245;244;6/12/2008;Comunicado: Reajuste a la comisión del canje;http://www.farc-ep.co/comunicado/comunicado-reajuste-a-la-comision-del-canje.html;178;secretariado nacional de las farc-ep;secretariado;2008-12-06_178.txt
246;245;6/11/2008;Comunicado: La destitución de los generales y el terrorismo del estado;http://www.farc-ep.co/comunicado/comunicado-la-destitucion-de-los-generales-y-el-terrorismo-del-estado.html;177;secretariado nacional de las farc-ep;secretariado;2008-11-06_177.txt
247;246;30/10/2008;Comunicado sobre la fuga de Lzcano;http://www.farc-ep.co/comunicado/comunicado-sobre-la-fuga-de-lzcano.html;176;secretariado nacional de las farc-ep;secretariado;2008-10-30_176.txt
248;247;20/09/2008;Comunicado sobre los últimos acontecimientos;http://www.farc-ep.co/comunicado/comunicado-sobre-los-ultimos-acontecimientos.html;175;secretariado nacional de las farc-ep;secretariado;2008-09-20_175.txt
249;248;10/08/2008;Detención de Carlos García Orjuela;http://www.farc-ep.co/comunicado/detencion-de-carlos-garcia-orjuela.html;174;secretariado nacional de las farc-ep;secretariado;2008-08-10_174.txt
250;249;4/08/2008;Canje de prisioneros;http://www.farc-ep.co/comunicado/canje-de-prisioneros.html;173;secretariado nacional de las farc-ep;secretariado;2008-08-04_173.txt
251;250;5/07/2008;Comunicado sobre la traición;http://www.farc-ep.co/comunicado/comunicado-sobre-la-traicion.html;172;secretariado nacional de las farc-ep;secretariado;2008-07-05_172.txt
252;251;26/06/2008;Carta A Daniel Ortega;http://www.farc-ep.co/comunicado/carta-a-daniel-ortega.html;171;secretariado nacional de las farc-ep;secretariado;2008-06-26_171.txt
253;252;27/05/2008;44 aniversario de las FARC-EP;http://www.farc-ep.co/comunicado/44-aniversario-de-las-farc-ep.html;170;secretariado nacional de las farc-ep;secretariado;2008-05-27_170.txt
254;253;9/05/2008;Álvaro Uribe Debe Renunciar;http://www.farc-ep.co/comunicado/alvaro-uribe-debe-renunciar.html;169;secretariado nacional de las farc-ep;secretariado;2008-05-09_169.txt
255;254;17/04/2008;Comunicado sobre el canje abril 17;http://www.farc-ep.co/comunicado/comunicado-sobre-el-canje-abril-17.html;168;secretariado nacional de las farc-ep;secretariado;2008-04-17_168.txt
256;255;4/04/2008;Comunicado sobre el canje;http://www.farc-ep.co/comunicado/comunicado-sobre-el-canje.html;167;secretariado nacional de las farc-ep;secretariado;2008-04-04_167.txt
257;256;15/03/2008;Comunicado sobre los efectos del asesinato de Raúl Reyes;http://www.farc-ep.co/comunicado/comunicado-sobre-los-efectos-del-asesinato-de-raul-reyes.html;166;secretariado nacional de las farc-ep;secretariado;2008-03-15_166.txt
258;257;8/03/2008;Comunicado sobre el asesinato del camarada Iván Ríos;http://www.farc-ep.co/comunicado/comunicado-sobre-el-asesinato-del-camarada-ivan-rios.html;165;secretariado nacional de las farc-ep;secretariado;2008-03-08_165.txt
259;258;2/03/2008;Comunicado sobre la muerte del camarada Raúl Reyes;http://www.farc-ep.co/comunicado/comunicado-sobre-la-muerte-del-camarada-raul-reyes.html;164;secretariado nacional de las farc-ep;secretariado;2008-03-02_164.txt
260;259;15/02/2008;Comunicado sobre el canje;http://www.farc-ep.co/comunicado/comunicado-sobre-el-canje.html;163;secretariado nacional de las farc-ep;secretariado;2008-02-15_163.txt
261;260;31/01/2008;Comunicado liberación de los parlamentarios: Gloria Polanco de Lozada, Luís Eladio Pérez y Orlando Beltrán Cuellar;http://www.farc-ep.co/comunicado/comunicado-liberacion-de-los-parlamentarios-gloria-polanco-de-lozada-luis-eladio-perez-y-orlando-beltran-cuellar.html;162;secretariado nacional de las farc-ep;secretariado;2008-01-31_162.txt
262;261;8/01/2008;Comunicado sobre entrega de 2 rehenes;http://www.farc-ep.co/comunicado/comunicado-sobre-entrega-de-2-rehenes.html;161;secretariado nacional de las farc-ep;secretariado;2008-01-08_161.txt
263;262;2/01/2008;Comunicado sobre el secuestro de Emanuel;http://www.farc-ep.co/comunicado/comunicado-sobre-el-secuestro-de-emanuel.html;160;secretariado nacional de las farc-ep;secretariado;2008-01-02_160.txt
264;263;1/01/2008;Saludo de fin de año 2007 de FARC-EP;http://www.farc-ep.co/comunicado/saludo-de-fin-de-ano-2007-de-farc-ep.html;159;secretariado nacional de las farc-ep;secretariado;2008-01-01_159.txt
265;264;30/11/2007;Alvaro Uribe manipuló pruebas de supervivencia de prisioneros de guerra;http://www.farc-ep.co/comunicado/alvaro-uribe-manipulo-pruebas-de-supervivencia-de-prisioneros-de-guerra.html;158;secretariado nacional de las farc-ep;secretariado;2007-11-30_158.txt
267;266;25/11/2007;Carta de Manuel Marulanda Vélez al presidente Hugo Rafael Chávez Frías;http://www.farc-ep.co/comunicado/carta-de-manuel-marulanda-velez-a-presidente-hugo-rafael-chavez-frias.html;156;secretariado nacional de las farc-ep;secretariado;2007-11-25_156.txt
269;268;24/06/2007;Lamentamos informar a la opinión pública que 11 diputados del Valle han muerto;http://www.farc-ep.co/comunicado/lamentamos-informar-a-la-opinion-publica-que-11-diputados-del-valle-han-muerto.html;154;secretariado nacional de las farc-ep;secretariado;2007-06-24_154.txt
270;269;22/06/2007;Comunicado el canje es producto de acuerdos;http://www.farc-ep.co/comunicado/comunicado-el-canje-es-producto-de-acuerdos.html;153;secretariado nacional de las farc-ep;secretariado;2007-06-22_153.txt
271;270;28/05/2007;Maniobra para distraer la opinión;http://www.farc-ep.co/comunicado/maniobra-para-distraer-la-opinion.html;152;secretariado nacional de las farc-ep;secretariado;2007-05-28_152.txt
272;271;30/03/2007;Carta a los mandatarios del mundo;http://www.farc-ep.co/comunicado/carta-a-los-mandatarios-del-mundo.html;151;secretariado nacional de las farc-ep;secretariado;2007-03-30_151.txt
273;272;27/03/2007;Realizada con éxito la novena Conferencia Nacional Guerrillera;http://www.farc-ep.co/comunicado/realizada-con-exito-la-novena-conferencia-nacional-guerrillera.html;150;secretariado nacional de las farc-ep;secretariado;2007-03-27_150.txt
274;273;1/01/2006;Saludo de fin de año 2005 de FARC-EP;http://www.farc-ep.co/comunicado/saludo-de-fin-de-ano-2005-de-farc-ep.html;149;secretariado nacional de las farc-ep;secretariado;2006-01-01_149.txt
275;274;30/12/2005;Con Uribe no habrá intercambio humanitario.;http://www.farc-ep.co/comunicado/con-uribe-no-habra-intercambio-humanitario.html;148;secretariado nacional de las farc-ep;secretariado;2005-12-30_148.txt
276;275;20/10/2005;Atentado Vargas Lleras y Carta a Coroneles;http://www.farc-ep.co/comunicado/atentado-vargas-lleras-y-carta-a-coroneles.html;147;secretariado nacional de las farc-ep;secretariado;2005-10-20_147.txt
277;276;25/09/2005;Carta pública sobre el intercambio de de prisioneros;http://www.farc-ep.co/comunicado/carta-publica-sobre-el-intercambio-de-de-prisioneros.html;146;secretariado nacional de las farc-ep;secretariado;2005-09-25_146.txt
278;277;15/08/2005;30 días de despeje de la fuerza publica en los municipios de florida y pradera;http://www.farc-ep.co/comunicado/30-dias-de-despeje-de-la-fuerza-publica-en-los-municipios-de-florida-y-pradera.html;145;secretariado nacional de las farc-ep;secretariado;2005-08-15_145.txt
279;278;5/08/2005;Carta abierta de las FARC-EP (Liberación de prisioneros);http://www.farc-ep.co/comunicado/carta-abierta-de-las-farc-ep.html;144;secretariado nacional de las farc-ep;secretariado;2005-08-05_144.txt
280;279;28/05/2005;41 Aniversario de las FARC-EP;http://www.farc-ep.co/comunicado/41-aniversario-de-las-farc-ep.html;143;secretariado nacional de las farc-ep;secretariado;2005-05-28_143.txt
282;281;14/03/2005;Carta abierta a la corte suprema de justicia;http://www.farc-ep.co/comunicado/carta-abierta-a-la-corte-suprema-de-justicia.html;141;secretariado nacional de las farc-ep;secretariado;2005-03-14_141.txt
283;282;26/02/2005;Injusta extradición de Simón Trinidad a los Estados Unidos;http://www.farc-ep.co/comunicado/injusta-extradicion-de-simon-trinidad-a-los-estados-unidos.html;140;secretariado nacional de las farc-ep;secretariado;2005-02-26_140.txt
285;284;8/02/2005;Presidente Jacques Chirac;http://www.farc-ep.co/comunicado/presidente-jacques-chirac.html;138;secretariado nacional de las farc-ep;secretariado;2005-02-08_138.txt
287;286;14/01/2005;Secuestro de Ricardo Téllez;http://www.farc-ep.co/comunicado/secuestro-de-ricardo-tellez.html;136;secretariado nacional de las farc-ep;secretariado;2005-01-14_136.txt
288;287;31/12/2004;Secuestro en Centro de Caracas de Ricardo Téllez;http://www.farc-ep.co/comunicado/secuestro-en-centro-de-caracas-de-ricardo-tellez.html;135;secretariado nacional de las farc-ep;secretariado;2004-12-31_135.txt
289;288;13/12/2004;Carta abierta de las FARC, Kofi Annam Secretario General de la ONU;http://www.farc-ep.co/comunicado/carta-abierta-de-las-farc-kofi-annam-secretario-general-de-la-onu.html;134;secretariado nacional de las farc-ep;secretariado;2004-12-13_134.txt
290;289;29/11/2004;Despeje de Florida y Pradera (Valle del Cauca);http://www.farc-ep.co/comunicado/despeje-de-florida-y-pradera-valle-del-cauca.html;133;secretariado nacional de las farc-ep;secretariado;2004-11-29_133.txt
291;290;15/09/2004;Reafirmamos nuestra disposición para pactar el Canje de prisioneros;http://www.farc-ep.co/comunicado/reafirmamos-nuestra-disposicion-para-pactar-el-canje-de-prisioneros.html;132;secretariado nacional de las farc-ep;secretariado;2004-09-15_132.txt
292;291;30/05/2004;Saludo de FARC-EP al 19 Congreso del Partido Comunista Colombiano;http://www.farc-ep.co/comunicado/saludo-de-farc-ep-al-19-congreso-del-partido-comunista-colombiano.html;131;secretariado nacional de las farc-ep;secretariado;2004-05-30_131.txt
293;292;25/02/2004;Vergonzoso revés político internacional del Presidente Uribe;http://www.farc-ep.co/comunicado/vergonzoso-reves-politico-internacional-del-presidente-uribe.html;130;secretariado nacional de las farc-ep;secretariado;2004-02-25_130.txt
294;293;30/11/2003;Estado Mayor Central aumenta a 31 integrantes;http://www.farc-ep.co/comunicado/estado-mayor-central-aumenta-a-31-integrantes.html;129;secretariado nacional de las farc-ep;secretariado;2003-11-30_129.txt
295;294;26/11/2003;Pleno 2003 - Reafirmamos Nuestra Decisión De Lucha Y Confianza En El Triunfo!;http://www.farc-ep.co/comunicado/pleno-2003-reafirmamos-nuestra-decision-de-lucha-y-confianza-en-el-triunfo.html;128;secretariado nacional de las farc-ep;secretariado;2003-11-26_128.txt
296;295;18/11/2003;¡Álvaro Uribe Debe Renunciar!;http://www.farc-ep.co/comunicado/alvaro-uribe-debe-renunciar.html;127;secretariado nacional de las farc-ep;secretariado;2003-11-18_127.txt
298;297;20/09/2003;A Coroneles - Manuel Marulanda Vélez;http://www.farc-ep.co/comunicado/a-coroneles-manuel-marulanda-velez.html;125;secretariado nacional de las farc-ep;secretariado;2003-09-20_125.txt
299;298;23/08/2003;A muerto el Comandante Efraín Guzmán (Nariño);http://www.farc-ep.co/comunicado/comunicado-sobre-el-camarada-narino.html;124;secretariado nacional de las farc-ep;secretariado;2003-08-23_124.txt
300;299;30/07/2003;Comunicado Conjunto de las FARC-EP y el ELN;http://www.farc-ep.co/comunicado/comunicado-conjunto-de-las-farc-ep-y-el-eln.html;123;secretariado nacional de las farc-ep;secretariado;2003-07-30_123.txt
301;300;30/07/2003;Falsas reuniones entre familiares de Ingrid Betancourt y funcionarios franceses;http://www.farc-ep.co/comunicado/falsas-reuniones-entre-familiares-de-ingrid-betancourt-y-funcionarios-franceses.html;122;secretariado nacional de las farc-ep;secretariado;2003-07-30_122.txt
302;301;13/07/2003;La estrategia de guerra total de Alvaro Uribe Vélez;http://www.farc-ep.co/comunicado/la-estrategia-de-guerra-total-de-alvaro-uribe-velez.html;121;secretariado nacional de las farc-ep;secretariado;2003-07-13_121.txt
303;302;23/06/2003;Contra la política de Alvaro Uribe de privatización de las empresas públicas;http://www.farc-ep.co/comunicado/contra-la-politica-de-alvaro-uribe-de-privatizacion-de-las-empresas-publicas.html;120;secretariado nacional de las farc-ep;secretariado;2003-06-23_120.txt
304;303;28/05/2003;¡Desde Marquetalia, Hasta La Victoria!;http://www.farc-ep.co/comunicado/desde-marquetalia-hasta-la-victoria.html;119;secretariado nacional de las farc-ep;secretariado;2003-05-28_119.txt
305;304;27/04/2003;Carta abierta de las FARC-EP a los expresidentes liberales;http://www.farc-ep.co/comunicado/carta-abierta-de-las-farc-ep-a-los-expresidentes-liberales.html;118;secretariado nacional de las farc-ep;secretariado;2003-04-27_118.txt
306;305;7/04/2003;Alvaro Uribe Vélez responsable de la muerte de prisioneros de guerra;http://www.farc-ep.co/comunicado/alvaro-uribe-velez-responsable-de-la-muerte-de-prisioneros-de-guerra.html;117;secretariado nacional de las farc-ep;secretariado;2003-04-07_117.txt
307;306;8/03/2003;FARC-EP no son responsables de lamentable hecho del Nogal;http://www.farc-ep.co/comunicado/farc-ep-no-son-responsables-de-lamentable-hecho-del-nogal.html;116;secretariado nacional de las farc-ep;secretariado;2003-03-08_116.txt
308;307;3/03/2003;Garantías de seguridad para prisioneros canjeables depende del gobierno;http://www.farc-ep.co/comunicado/garantias-de-seguridad-para-prisioneros-canjeables-depende-del-gobierno.html;115;secretariado nacional de las farc-ep;secretariado;2003-03-03_115.txt
309;308;25/02/2003;Evidente intervención militar de EE.UU en Colombia;http://www.farc-ep.co/comunicado/evidente-intervencion-militar-de-ee-uu-en-colombia.html;114;secretariado nacional de las farc-ep;secretariado;2003-02-25_114.txt
310;309;22/02/2003;Cuatro agentes de la CIA están en nuestro poder;http://www.farc-ep.co/comunicado/cuatro-agentes-de-la-cia-estan-en-nuestro-poder.html;113;secretariado nacional de las farc-ep;secretariado;2003-02-22_113.txt
312;311;22/01/2003;Chantaje internacional contra las FARC-EP;http://www.farc-ep.co/comunicado/chantaje-internacional-contra-las-farc-ep.html;111;secretariado nacional de las farc-ep;secretariado;2003-01-22_111.txt
313;312;1/01/2003;Saludo de fin de año 2002;http://www.farc-ep.co/comunicado/saludo-de-fin-de-ano-2002.html;110;secretariado nacional de las farc-ep;secretariado;2003-01-01_110.txt
314;313;11/12/2002;Gobierno de falsos rumores y mentiras;http://www.farc-ep.co/comunicado/gobierno-de-falsos-rumores-y-mentiras.html;109;secretariado nacional de las farc-ep;secretariado;2002-12-11_109.txt
315;314;30/09/2002;Gobierno De Impuestos, Guerra Total Sin Diálogos Y Entrega De La Soberanía;http://www.farc-ep.co/comunicado/gobierno-de-impuestos-guerra-total-sin-dialogos-y-entrega-de-la-soberania.html;108;secretariado nacional de las farc-ep;secretariado;2002-09-30_108.txt
316;315;21/08/2002;Carta abierta al Presidente Álvaro Uribe Vélez;http://www.farc-ep.co/comunicado/carta-abierta-al-presidente-alvaro-uribe-velez.html;107;secretariado nacional de las farc-ep;secretariado;2002-08-21_107.txt
317;316;3/08/2002;A familiares de personas canjeables;http://www.farc-ep.co/comunicado/a-familiares-de-personas-canjeables.html;106;secretariado nacional de las farc-ep;secretariado;2002-08-03_106.txt
318;317;16/07/2002;Carta abierta de las FARC-EP al secretario general de la ONU;http://www.farc-ep.co/comunicado/carta-abierta-de-las-farc-ep-al-secretario-general-de-la-onu.html;105;secretariado nacional de las farc-ep;secretariado;2002-07-16_105.txt
319;318;9/07/2002;Sobre los alcaldes;http://www.farc-ep.co/comunicado/sobre-los-alcaldes.html;104;secretariado nacional de las farc-ep;secretariado;2002-07-09_104.txt
320;319;6/07/2002;A proposito de la inclusión de las FARC-EP como organización terrorista;http://www.farc-ep.co/comunicado/a-proposito-de-la-inclusion-de-las-farc-ep-como-organizacion-terrorista.html;103;secretariado nacional de las farc-ep;secretariado;2002-07-06_103.txt
321;320;24/05/2002;La doble moral del presidente Andrés Pastrana Arango;http://www.farc-ep.co/comunicado/la-doble-moral-del-presidente-andres-pastrana-arango.html;102;secretariado nacional de las farc-ep;secretariado;2002-05-24_102.txt
322;321;16/05/2002;Ante las futuras elecciones;http://www.farc-ep.co/comunicado/ante-las-futuras-elecciones.html;101;secretariado nacional de las farc-ep;secretariado;2002-05-16_101.txt
325;324;8/05/2002;Carta abierta a los gobiernos de francia, suecia y demás;http://www.farc-ep.co/comunicado/carta-abierta-a-los-gobiernos-de-francia-suecia-y-demas.html;98;secretariado nacional de las farc-ep;secretariado;2002-05-08_98.txt
327;326;20/04/2002;Diputados En Canje;http://www.farc-ep.co/comunicado/diputados-en-canje.html;96;secretariado nacional de las farc-ep;secretariado;2002-04-20_96.txt
333;332;11/01/2002;Alto comisionado para la paz Camilo Gómez miente.;http://www.farc-ep.co/comunicado/alto-comisionado-para-la-paz-camilo-gomez-miente.html;90;secretariado nacional de las farc-ep;secretariado;2002-01-11_90.txt
342;341;8/09/2001;En desarrollo del primer bloque de la Agenda;http://www.farc-ep.co/comunicado/en-desarrollo-del-primer-bloque-de-la-agenda.html;81;secretariado nacional de las farc-ep;secretariado;2001-09-08_81.txt
343;342;21/06/2001;Las Naves Del Intervensionismo;http://www.farc-ep.co/comunicado/las-naves-del-intervensionismo.html;80;secretariado nacional de las farc-ep;secretariado;2001-06-21_80.txt
344;343;19/06/2001;Entrega, unilateral de 250 policías y militares prisioneros de guerra;http://www.farc-ep.co/comunicado/entrega-unilateral-de-250-policias-y-militares-prisioneros-de-guerra.html;79;secretariado nacional de las farc-ep;secretariado;2001-06-19_79.txt
347;346;7/04/2001;Reunión con la Comisión Facilitadora del Grupo de Países Amigos;http://www.farc-ep.co/comunicado/reunion-con-la-comision-facilitadora-del-grupo-de-paises-amigos.html;76;secretariado nacional de las farc-ep;secretariado;2001-04-07_76.txt
348;347;10/03/2001;Documento evaluativo sobre el desarrollo del proceso de paz;http://www.farc-ep.co/comunicado/documento-evaluativo-sobre-el-desarrollo-del-proceso-de-paz.html;75;secretariado nacional de las farc-ep;secretariado;2001-03-10_75.txt
350;349;24/10/2000;Avances en Temas con Voceros del Gobierno Nacional y las FARC-EP;http://www.farc-ep.co/comunicado/avances-en-temas-con-voceros-del-gobierno-nacional-y-las-farc-ep.html;73;secretariado nacional de las farc-ep;secretariado;2000-10-24_73.txt
351;350;29/08/2000;Fallecimiento del Comandante Adán Izquierdo;http://www.farc-ep.co/comunicado/fallecimiento-del-comandante-adan-izquierdo.html;72;secretariado nacional de las farc-ep;secretariado;2000-08-29_72.txt
352;351;26/08/2000;Sobre visita a Colombia de Clinton presidente de EEUU;http://www.farc-ep.co/comunicado/sobre-visita-de-colombia-clinton-presidente-de-eeuu.html;71;secretariado nacional de las farc-ep;secretariado;2000-08-26_71.txt
353;352;12/07/2000;La derecha militarista quiere sabotear el proceso de paz;http://www.farc-ep.co/comunicado/la-derecha-militarista-quiere-sabotear-el-proceso-de-paz.html;70;secretariado nacional de las farc-ep;secretariado;2000-07-12_70.txt
354;353;21/06/2000;Referendo pastranista y Constituyente liberal;http://www.farc-ep.co/comunicado/referendo-pastranista-y-constituyente-liberal.html;69;secretariado nacional de las farc-ep;secretariado;2000-06-21_69.txt
355;354;30/03/2000;Carta Abierta Al Congreso y al pueblo de EE.UU;http://www.farc-ep.co/comunicado/carta-abierta-al-congreso-y-al-pueblo-de-ee-uu.html;68;secretariado nacional de las farc-ep;secretariado;2000-03-30_68.txt
356;355;30/03/2000;Legalizar el consumo de la droga;http://www.farc-ep.co/comunicado/legalizar-el-consumo-de-la-droga.html;67;secretariado nacional de las farc-ep;secretariado;2000-03-30_67.txt
357;356;14/03/2000;No a la privatización de las empresas públicas;http://www.farc-ep.co/comunicado/no-a-la-privatizacion-de-las-empresas-publicas.html;66;secretariado nacional de las farc-ep;secretariado;2000-03-14_66.txt
358;357;14/03/2000;No a la privatización de las empresas públicas;http://www.farc-ep.co/comunicado/no-a-la-privatizacion-de-las-empresas-publicas.html;65;secretariado nacional de las farc-ep;secretariado;2000-03-14_65.txt
359;358;29/12/1999;EL 2000, AÑO DE LUCHAS CONTRA EL NEOLIBERALISMO;http://www.farc-ep.co/comunicado/el-2000-ano-de-luchas-contra-el-neoliberalismo.html;64;secretariado nacional de las farc-ep;secretariado;1999-12-29_64.txt
360;359;20/12/1999;Cese unilateral de las FARC-EP a partir del 20 de Diciembre de 1999;http://www.farc-ep.co/comunicado/cese-unilateral-de-las-farc-ep-a-partir-del-20-de-diciembre-de-1999.html;63;secretariado nacional de las farc-ep;secretariado;1999-12-20_63.txt
367;366;31/07/1998;Diálogos inician tan pronto despejen los municipios ya acordados;http://www.farc-ep.co/comunicado/dialogos-inician-tan-pronto-despejen-los-municipios-ya-acordados.html;56;secretariado nacional de las farc-ep;secretariado;1998-07-31_56.txt
368;367;21/04/1998;Contra la Intervención, Unidad Patriótica y Latinoamericana.;http://www.farc-ep.co/comunicado/contra-la-intervencion-unidad-patriotica-y-latinoamericana.html;55;secretariado nacional de las farc-ep;secretariado;1998-04-21_55.txt
369;368;11/10/1997;FARC-EP llaman al pueblo a no votar y empezar la construcción de un verdadero poder popular;http://www.farc-ep.co/comunicado/farc-ep-llaman-al-pueblo-a-no-votar-y-empezar-la-construccion-de-un-verdadero-poder-popular.html;54;secretariado nacional de las farc-ep;secretariado;1997-10-11_54.txt
370;369;12/09/1997;Bombardeos contra el secretariado, próximos a encuentros exploratorios con gobierno;http://www.farc-ep.co/comunicado/bombardeos-contra-el-secretariado-proximos-a-encuentros-exploratorios-con-gobierno.html;53;secretariado nacional de las farc-ep;secretariado;1997-09-12_53.txt
371;370;10/08/1997;Carta abierta al Señor Presidente, Entrega de prisioneros de guerra;http://www.farc-ep.co/comunicado/carta-abierta-al-senor-presidente-entrega-de-prisioneros-de-guerra.html;52;secretariado nacional de las farc-ep;secretariado;1997-08-10_52.txt
372;371;5/08/1997;La Cooperativas Convivir estrategia paramilitar;http://www.farc-ep.co/comunicado/la-cooperativas-convivir-estrategia-paramilitar.html;51;secretariado nacional de las farc-ep;secretariado;1997-08-05_51.txt
374;373;28/06/1996;Carta a Samper sobre el secuestro de Ricardo Sáenz;http://www.farc-ep.co/comunicado/carta-a-samper-sobre-el-secuestro-de-ricardo-saenz.html;49;secretariado nacional de las farc-ep;secretariado;1996-06-28_49.txt
376;375;17/02/1996;Nuestra Política de Fronteras;http://www.farc-ep.co/comunicado/nuestra-politica-de-fronteras.html;47;secretariado nacional de las farc-ep;secretariado;1996-02-17_47.txt
377;376;7/11/1995;Doctor Alvaro Córdoba Triviño, Los militares están atropellando a la población civil;http://www.farc-ep.co/comunicado/doctor-alvaro-cordoba-trivino-los-militares-estan-atropellando-a-la-poblacion-civil.html;46;secretariado nacional de las farc-ep;secretariado;1995-11-07_46.txt
378;377;19/10/1995;Señora Liduinez Ampolle, Respuesta de su carta fechada el pasado 1 de octubre;http://www.farc-ep.co/comunicado/senora-liduinez-ampolle-respuesta-de-su-carta-fechada-el-pasado-1-de-octubre.html;45;secretariado nacional de las farc-ep;secretariado;1995-10-19_45.txt
379;378;17/10/1995;Investigar autoridades, por violencia política en el Urabá;http://www.farc-ep.co/comunicado/comunicado-investigar-autoridades-por-violencia-politica-en-el-uraba.html;44;secretariado nacional de las farc-ep;secretariado;1995-10-17_44.txt
380;379;30/09/1995;A propósito de la Cumbre de los Paises no Alineados Declaración de las FARC;http://www.farc-ep.co/comunicado/a-proposito-de-la-cumbre-de-los-paises-no-alineados-declaracion-de-las-farc.html;43;secretariado nacional de las farc-ep;secretariado;1995-09-30_43.txt
381;380;23/08/1995;Recomendaciones a la Población Civil;http://www.farc-ep.co/comunicado/recomendaciones-a-la-poblacion-civil.html;42;secretariado nacional de las farc-ep;secretariado;1995-08-23_42.txt
382;381;17/08/1995;Declaración de las FARC-EP: La paz después de un año del Gobierno Samper;http://www.farc-ep.co/comunicado/declaracion-de-las-farc-ep-la-paz-despues-de-un-ano-del-gobierno-samper.html;41;secretariado nacional de las farc-ep;secretariado;1995-08-17_41.txt
383;382;2/08/1995;Doctor Ernesto Samper Pizano;http://www.farc-ep.co/comunicado/doctor-ernesto-samper-pizano.html;40;secretariado nacional de las farc-ep;secretariado;1995-08-02_40.txt
384;383;29/06/1995;Señores Comisión Nacional de Conciliación;http://www.farc-ep.co/comunicado/senores-comision-nacional-de-conciliacion.html;39;secretariado nacional de las farc-ep;secretariado;1995-06-29_39.txt
385;384;27/06/1995;Carta a Samper;http://www.farc-ep.co/comunicado/carta-a-samper.html;38;secretariado nacional de las farc-ep;secretariado;1995-06-27_38.txt
386;385;8/06/1995;Comité de Búsqueda de la Paz y red nacional de iniciativas contra la guerra y por la Paz;http://www.farc-ep.co/comunicado/comite-de-busqueda-de-la-paz-y-red-nacional-de-iniciativas-contra-la-guerra-y-por-la-paz.html;37;secretariado nacional de las farc-ep;secretariado;1995-06-08_37.txt
387;386;30/05/1995;Carta abierta de las FARC, posibilidades del primer encuentro entre gobierno y las FARC-EP;http://www.farc-ep.co/comunicado/carta-abierta-de-las-farc-posibilidades-del-primer-encuentro-entre-gobierno-y-las-farc-ep.html;36;secretariado nacional de las farc-ep;secretariado;1995-05-30_36.txt
388;387;28/05/1995;31 años por la convivencia y la democracia;http://www.farc-ep.co/comunicado/31-anos-por-la-convivencia-y-la-democracia.html;35;secretariado nacional de las farc-ep;secretariado;1995-05-28_35.txt
389;388;30/04/1995;Declaración, respecto a la propuesta de paz de Samper;http://www.farc-ep.co/comunicado/declaracion-respecto-a-la-propuesta-de-paz-de-samper.html;34;secretariado nacional de las farc-ep;secretariado;1995-04-30_34.txt
390;389;20/03/1995;1995 - Marzo 18 - Comunicado, supuesta muerte del C. Manuel Marulanda;http://www.farc-ep.co/comunicado/1995-marzo-18-comunicado-supuesta-muerte-del-c-manuel-marulanda.html;33;secretariado nacional de las farc-ep;secretariado;1995-03-20_33.txt
391;390;20/03/1995;Rechazo a la campaña de confrontación entre Colombia y Venezuela;http://www.farc-ep.co/comunicado/rechazo-a-la-campana-de-confrontacion-entre-colombia-y-venezuela.html;32;secretariado nacional de las farc-ep;secretariado;1995-03-20_32.txt
392;391;17/03/1995;Homenaje a la Mujer Colombiana;http://www.farc-ep.co/comunicado/homenaje-a-la-mujer-colombiana.html;31;secretariado nacional de las farc-ep;secretariado;1995-03-17_31.txt
393;392;18/02/1995;Carta Abierta al Comicionado para la Paz- Doctor Carlos Holmes Trujillo;http://www.farc-ep.co/comunicado/carta-abierta-al-comicionado-para-la-paz-doctor-carlos-holmes-trujillo.html;30;secretariado nacional de las farc-ep;secretariado;1995-02-18_30.txt
394;393;5/01/1995;Doctor Carlos Holmes Trujillo;http://www.farc-ep.co/comunicado/doctor-carlos-holmes-trujillo.html;29;secretariado nacional de las farc-ep;secretariado;1995-01-05_29.txt
395;394;29/12/1994;Mensaje de fin de año 94;http://www.farc-ep.co/comunicado/mensaje-de-fin-de-ano-94.html;28;secretariado nacional de las farc-ep;secretariado;1994-12-29_28.txt
396;395;22/11/1994;Declaración de las FARC, Intervención Presidencial en Popayán;http://www.farc-ep.co/comunicado/declaracion-de-las-farc-intervencion-presidencial-en-popayan.html;27;secretariado nacional de las farc-ep;secretariado;1994-11-22_27.txt
397;396;7/11/1994;Declaracion Pública CGSB, Debate de desaparecidos y asesinatos de la fuerza pública.;http://www.farc-ep.co/comunicado/declaracion-publica-cgsb-debate-de-desaparecidos-y-asesinatos-de-la-fuerza-publica.html;26;secretariado nacional de las farc-ep;secretariado;1994-11-07_26.txt
398;397;19/08/1994;Carta al Presidente Samper, Asesinato de Manuel Cepeda Vargas;http://www.farc-ep.co/comunicado/carta-al-presidente-samper-asesinato-de-manuel-cepeda-vargas.html;25;secretariado nacional de las farc-ep;secretariado;1994-08-19_25.txt
399;398;12/08/1994;Asesinato de Manuel Cepeda Vargas;http://www.farc-ep.co/comunicado/asesinato-de-manuel-cepeda-vargas.html;24;secretariado nacional de las farc-ep;secretariado;1994-08-12_24.txt
400;399;17/07/1994;La Guerra Total de Gaviria, Un Gran Fracaso;http://www.farc-ep.co/comunicado/la-guerra-total-de-gaviria-un-gran-fracaso.html;23;secretariado nacional de las farc-ep;secretariado;1994-07-17_23.txt
401;400;10/06/1994;Saludo a los Mandatarios de Iberoamérica, Motivó de su presencia en nuestro país;http://www.farc-ep.co/comunicado/saludo-a-los-mandatarios-de-iberoamerica-motivo-de-su-presencia-en-nuestro-pais.html;22;secretariado nacional de las farc-ep;secretariado;1994-06-10_22.txt
402;401;25/03/1994;Carta de las FARC a los candidatos Presidenciales;http://www.farc-ep.co/comunicado/carta-de-las-farc-a-los-candidatos-presidenciales.html;21;secretariado nacional de las farc-ep;secretariado;1994-03-25_21.txt
403;402;6/03/1994;Estruendoso fracaso de la guerra integral de Gaviria;http://www.farc-ep.co/comunicado/estruendoso-fracaso-de-la-guerra-integral-de-gaviria.html;20;secretariado nacional de las farc-ep;secretariado;1994-03-06_20.txt
404;403;17/02/1994;Llamamiento, Política oligárquica de Cesar Gaviria;http://www.farc-ep.co/comunicado/llamamiento-politica-oligarquica-de-cesar-gaviria.html;19;secretariado nacional de las farc-ep;secretariado;1994-02-17_19.txt
405;404;3/12/1993;Carta Abierta al Congreso Nacional , A proposito del debate sobre la ley de orden público;http://www.farc-ep.co/comunicado/carta-abierta-al-congreso-nacional-a-proposito-del-debate-sobre-la-ley-de-orden-publico.html;18;secretariado nacional de las farc-ep;secretariado;1993-12-03_18.txt
406;405;25/10/1993;Carta Abierta al Parlamento, Reflexiones en torno a importantes debates que adelantan;http://www.farc-ep.co/comunicado/carta-abierta-al-parlamento-reflexiones-en-torno-a-importantes-debates-que-adelantan.html;17;secretariado nacional de las farc-ep;secretariado;1993-10-25_17.txt
407;406;5/08/1993;Por La Paz, Nuevo Gobierno de reconciliación, En Colombia se practica el terrorismo de estado;http://www.farc-ep.co/comunicado/por-la-paz-nuevo-gobierno-de-reconciliacion-en-colombia-se-practica-el-terrorismo-de-estado.html;16;secretariado nacional de las farc-ep;secretariado;1993-08-05_16.txt
408;407;3/04/1993;Declaracion política, 8a. Conferencia - Nuevo Gobierno para alcanzar la paz;http://www.farc-ep.co/comunicado/declaracion-politica-8a-conferencia-nuevo-gobierno-para-alcanzar-la-paz.html;15;secretariado nacional de las farc-ep;secretariado;1993-04-03_15.txt
409;408;4/04/1993;Realizada con éxito la 8ª Conferencia Nacional de las FARC-EP;http://www.farc-ep.co/comunicado/realizada-con-exito-la-8-conferencia-nacional-de-las-farc-ep.html;14;secretariado nacional de las farc-ep;secretariado;1993-04-04_14.txt
419;418;8/09/1992;Comunicado CGSB;http://www.farc-ep.co/comunicado/comunicado-cgsb.html;4;secretariado nacional de las farc-ep;secretariado;1992-09-08_4.txt
420;419;28/06/1992;Algunas ideas en torno a los diálogos regionales;http://www.farc-ep.co/comunicado/algunas-ideas-en-torno-a-los-dialogos-regionales.html;3;secretariado nacional de las farc-ep;secretariado;1992-06-28_3.txt
