;Fecha;Titulo Comunicado;Link;ID;Autor
0;2017-06-12;De las armas a las palabras;http://www.farc-ep.co/comunicado/de-las-armas-a-las-palabras.html;422;Estado Mayor Central de las FARC-EP
1;2017-06-07;Nuestra única arma será la palabra, lo prometimos y lo cumplimos.;http://www.farc-ep.co/comunicado/nuestra-unica-arma-sera-la-palabra-lo-prometimos-y-lo-cumplimos.html;421;Dirección de la Zona Veredal Jaime Pardo Leal
2;2017-05-31;Continúan ataques contra la paz;http://www.farc-ep.co/comunicado/continuan-ataques-contra-la-paz.html;420;Delegación De Las FARC-EP En La CSIVI
3;2017-05-29;Comunicado #19 de la comisión de seguimiento e impulso a la verificación e implementación del Acuerdo Final;http://www.farc-ep.co/comunicado/comunicado-19-de-la-comision-de-seguimiento-e-impulso-a-la-verificacion-e-implementacion-del-acuerdo-final.html;419;Estado Mayor Central de las FARC-EP
4;2017-05-26;FARC-EP, 53 años de lucha por la PAZ.;http://www.farc-ep.co/comunicado/farc-ep-53-anos-de-lucha-por-la-paz.html;418;Delegación De Las FARC-EP En La CSIVI
5;2017-05-23;Se aprueba en CSIVI decreto que crea Fondo de Tierras;http://www.farc-ep.co/comunicado/se-aprueba-en-csivi-decreto-que-crea-fondo-de-tierras.html;417;Delegación de las FARC-EP en la CSIVI
6;2017-05-19;Gobierno Nacional le hace trampa a la democratización de la tierra pactada en el Acuerdo Final de Paz;http://www.farc-ep.co/comunicado/gobierno-nacional-le-hace-trampa-a-la-democratizacion-de-la-tierra-pactada-en-el-acuerdo-final-de-paz.html;416;Comando de Dirección PTN Silverio Mora
7;2017-05-15;Pronunciamiento del Punto Transitorio de Normalización Silverio Mora sobre presencia paramilitar.;http://www.farc-ep.co/comunicado/pronunciamiento-del-punto-transitorio-de-normalizacion-silverio-mora-sobre-presencia-paramilitar.html;415;Administrador
8;2017-05-15;Declaración de las FARC-EP a raíz del pronunciamiento de La Corte Constitucional.;http://www.farc-ep.co/comunicado/declaracion-de-las-farc-ep-a-raiz-del-pronunciamiento-de-la-corte-constitucional.html;414;Estado Mayor Central de las FARC-EP
9;2017-05-15;Júbilo internacional por la libertad de Oscar López Rivera;http://www.farc-ep.co/comunicado/jubilo-internacional-por-la-libertad-de-oscar-lopez-rivera.html;413;Comando Central del ELN y Secretariado del EMC de las FARC-EP
10;2017-05-11;Juntos por la solución política;http://www.farc-ep.co/comunicado/juntos-por-la-solucion-politica.html;412;Comando de Dirección Zona Veredal Transitoria de Normalización Urías Rondón
11;2017-05-06;Cosas buenas, informe de la Zona Urías Rondón;http://www.farc-ep.co/comunicado/http-www-farc-ep-co-comunicado-cosas-buenas-informe-de-la-zona-urias-rondon-html.html;411;Comando Zona Veredal Transitoria de Normalización Georgina Ortiz
12;2017-05-05;Recibimiento del Consejo de Seguridad de las Naciones Unidas;http://www.farc-ep.co/comunicado/http-www-farc-ep-co-comunicado-recibimiento-del-consejo-de-seguridad-de-las-naciones-unidas-html.html;410;Comando de Dirección de la Zona Veredal Transitoria Camarada Román Ruiz
13;2017-05-03;Infamias del Teniente Coronel  Hernán Gutiérrez sobre Zona Veredal en Ituango;http://www.farc-ep.co/comunicado/http-www-farc-ep-co-comunicado-infamias-del-teniente-coronel-hernan-gutierrez-sobre-zona-veredal-en-ituango-html.html;409;Timoleón Jiménez
14;2017-04-27;Acerca de la inaudita prohibición del Congreso de la República;http://www.farc-ep.co/comunicado/http-www-farc-ep-co-comunicado-acerca-de-la-inaudita-prohibicion-del-congreso-de-la-republica-html.html;408;Estado Mayor de las FARC-EP
15;2017-04-26;Nueva masacre contra familiares de guerrillero de las FARC-EP;http://www.farc-ep.co/comunicado/http-www-farc-ep-co-comunicado-nueva-masacre-contra-familiares-de-guerrillero-de-las-farc-ep-html.html;407;Estado Mayor Central de las FARC-EP
16;2017-04-26;Las FARC-EP rechaza el asesinato de familiares de un guerrilleros en el sur del Chocó;http://www.farc-ep.co/comunicado/las-farc-ep-rechaza-el-asesinato-de-familiares-de-un-guerrilleros-en-el-sur-del-choco.html;406;Comando de Dirección ZVTN Jeiler Mosquera
17;2017-04-25;Mantenemos la dignidad a pesar de las circunstancias;http://www.farc-ep.co/comunicado/mantenemos-la-dignidad-a-pesar-de-las-circunstancias.html;405;Estado Mayor de las FARC EP
18;2017-04-20;Asesinado nuestro camarada Luis Alberto Ortiz Cabezas, beneficiario de la Ley de Amnistía e Indulto;http://www.farc-ep.co/comunicado/http-www-farc-ep-co-comunicado-asesinado-nuestro-camarada-luis-alberto-ortiz-cabezas-beneficiario-de-la-ley-de-amnistia-e-indulto-html.html;404;FARC-EP
19;2017-04-14;Nos solidarizamos con la camarada prisionera Rocío Cuellar Guevara por la muerte de su bebe recién nacido;http://www.farc-ep.co/comunicado/http-www-farc-ep-co-comunicado-http-www-farc-ep-co-comunicado-nos-solidarizamos-con-rocio-cuellar-guevara-por-la-muerte-de-su-bebe-recien-nacido-html-html.html;403;FARC-EP
20;2017-04-06;Saludo de las FARC al acompañamiento internacional;http://www.farc-ep.co/comunicado/http-www-farc-ep-co-comunicado-saludo-de-las-farc-al-acompanamiento-internacional-html.html;402;Secretariado Del Estado Mayor Central De Las FARC-EP
21;2017-04-05;Acuerdo Sobre La Verdad, El Perdón Y La Reconciliación Con Víctimas Del Atentado Al Club El Nogal De Bogotá;http://www.farc-ep.co/comunicado/http-www-farc-ep-co-comunicado-acuerdo-sobre-la-verdad-el-perdon-y-la-reconciliacion-con-victimas-del-atentado-al-club-el-nogal-de-bogota-html.html;401;FARC-EP
22;2017-04-05;Alexander Mojoso ex-comandante del 14 Frente, retorna a las FARC-EP;http://www.farc-ep.co/comunicado/http-www-farc-ep-co-comunicado-alexander-mojoso-ex-comandante-del-14-frente-retorna-a-las-farc-ep-html.html;400;Comando Zona Veredal Ariel Aldana
23;2017-03-29;Las FARC-EP Desmiente Falsedades De Fuerza De Tarea Pegaso De Las FFAA;http://www.farc-ep.co/comunicado/las-farc-ep-desmiente-falsedades-de-fuerza-de-tarea-pegaso-de-las-ffaa.html;399;Secretariado Nacional de las FARC-EP
24;2017-03-27;A 9 años de la partida de Manuel Marulanda Vélez;http://www.farc-ep.co/comunicado/http-www-farc-ep-co-comunicado-a-9-anos-de-la-partida-de-manuel-marulanda-velez-html.html;398;Estado Mayor Central de las FARC-EP
25;2017-03-19;Las FARC-EP lamentamos fallecimiento de Martin McGuinness;http://www.farc-ep.co/comunicado/las-farc-ep-lamentamos-fallecimiento-de-martin-mcguinness.html;397;Estado Mayor de las FARC-EP
26;2017-03-08;El día que se infartó la paz de Colombia;http://www.farc-ep.co/comunicado/el-dia-que-se-infarto-la-paz-de-colombia.html;396;Estado Mayor Central De Las FARC-EP
27;2017-03-05;¡Cuánto te extrañamos, Chávez!;http://www.farc-ep.co/comunicado/cuanto-te-extranamos-chavez.html;395;Secretariado Nacional de las FARC-EP
28;2017-02-28;Colombianos: la patria ha sido bendecida por la esperanza y ya puede emprender sus primeros pasos hacia el futuro;http://www.farc-ep.co/comunicado/colombianos-la-patria-ha-sido-bendecida-por-la-esperanza-y-ya-puede-emprender-sus-primeros-pasos-hacia-el-futuro.html;394;Gobierno Nacional y FARC – EP
29;2017-02-25;Acuerdo colectivo para la Sustitución Voluntaria y Concertada de Cultivos de Uso Ilícito;http://www.farc-ep.co/comunicado/acuerdo-colectivo-para-la-sustitucion-voluntaria-y-concertada-de-cultivos-de-uso-ilicito.html;393;Administrador
30;2017-02-25;Huelga de hambre indefinida por prisioneros políticos de las FARC-EP;http://www.farc-ep.co/comunicado/huelga-de-hambre-indefinida-por-prisioneros-politicos-de-farc-ep-en-carcel-de-san-isidro-popayan.html;392;Estado Mayor Central de las FARC-EP
31;2017-02-20;Carta a Jean Arnault, Representante del Secretario General de NN.UU.;http://www.farc-ep.co/comunicado/carta-a-jean-arnault-representante-del-secretario-general-de-nnuu.html;391;Bloque Occidental Comandante Alfonso Cano (BOCAC)
32;2017-02-18;Jugadores de América de Cali y Nacional de Medellín visitan zona veredal La Elvira;http://www.farc-ep.co/comunicado/jugadores-de-america-de-cali-y-nacional-de-medellin-visitan-zona-veredal-la-elvira.html;390;Gobierno Nacional y FARC – EP
33;2017-02-18;Comunicado Conjunto: Visita del  Presidente de la República a ZVTN es un paso fundamental en la construcción de la paz.;http://www.farc-ep.co/comunicado/comunicado-conjunto.html;389;Administrador
34;2017-02-12;Carta abierta a los y las compatriotas de la iniciativa Criando la Paz;http://www.farc-ep.co/comunicado/carta-abierta-a-los-y-las-compatriotas-de-la-iniciativa-criando-la-paz.html;388;FARC-EP
35;2017-02-10;Día de la juventud y la Batalla de La Victoria;http://www.farc-ep.co/comunicado/dia-de-la-juventud-y-la-batalla-de-la-victoria.html;387;Secretariado Nacional de las FARC-EP
36;2017-02-08;Las FARC-EP Han Honrado Así Su Compromiso Firmado Con El Gobierno Nacional;http://www.farc-ep.co/comunicado/las-farc-ep-han-honrado-asi-su-compromiso-firmado-con-el-gobierno-nacional.html;386;Secretariado Del Estado Mayor Central De Las FARC-EP
37;2017-02-07;Saludo A Todas Y Todos Los Periodistas En Su Día;http://www.farc-ep.co/comunicado/saludo-a-todas-y-todos-los-periodistas-en-su-dia.html;385;Administrador
38;2017-02-07;Comunicado #2 CNR Sobre Reincorporación Para Los Menores De Edad;http://www.farc-ep.co/comunicado/comunicado-2-cnr-sobre-reincorporacion-para-los-menores-de-edad.html;384;Bloque Oriental
39;2017-02-02;Emergencia Humanitaria En Zona Veredal Charras En San José Del Guaviare;http://www.farc-ep.co/comunicado/http-www-farc-ep-co-comunicado-emergencia-humanitaria-en-zona-veredal-charras-en-san-jose-del-guaviare-html.html;383;ZVTN COOPERATIVA VISTA HERMOSA META
40;2017-01-31;Precarias Condiciones En Zona Veredal Cooperativa de Vista Hermosa Meta;http://www.farc-ep.co/comunicado/precarias-condiciones-en-zona-veredal-cooperativa-de-vista-hermosa-meta.html;382;Bloque Sur
41;2017-01-30;EL BLOQUE SUR INICIA SU MARCHA, ACOMPAÑÉMOSLO EN SU RECORRIDO;http://www.farc-ep.co/comunicado/el-bloque-sur-inicia-su-marcha-acompanemoslo-en-su-recorrido.html;381;Frente 18
42;2017-01-29;Paramilitares Amenazan Pobladores Cerca A Zona Veredal De Ituango;http://www.farc-ep.co/comunicado/http-www-farc-ep-co-comunicado-http-www-farc-ep-co-administrator-index-php-option-com-k2-view-item-cid-1629-html.html;380;Consejo Nacional de Reincorporación
43;2017-01-26;Listo El Plan Para Sustitución Voluntaria De Cultivos De Uso Ilícito;http://www.farc-ep.co/comunicado/listo-el-plan-para-sustitucion-voluntaria-de-cultivos-de-uso-ilicito.html;379;Administrador
44;2017-01-25;Comunicado No. 01  Consejo Nacional De Reincorporación (CNR);http://www.farc-ep.co/comunicado/comunicado-no-01-consejo-nacional-de-reincorporacion-cnr.html;378;Estado Mayor Central de las FARC-EP
45;2017-01-22;Declaración Política Pleno Del Estado Mayor Central De Las FARC-EP;http://www.farc-ep.co/comunicado/declaracion-politica-pleno-del-estado-mayor-central-de-las-farc-ep.html;377;Estado Mayor de las FARC-EP
46;2017-01-19;Carta Abierta A Simón Trinidad;http://www.farc-ep.co/comunicado/carta-abierta-a-simon-trinidad.html;376;Estado Mayor Bloque Occidental Comandante Alfonso Cano de las FARC-EP.
47;2017-01-18;Comunicado A La Opinión Pública: Las FARC-EP Se Solidarizan Con Familia De La Señora Emilsen Manyoma;http://www.farc-ep.co/comunicado/comunicado-a-la-opinion-publica-las-farc-ep-se-solidarizan-con-familia-de-la-senora-emilsen-manyoma.html;375;Comando Zona Transitoria Veredal de Normalización de Icononzo.
48;2017-01-10;Comunicado: Zona Veredal De Icononzo Rechaza Rotundamente Falsas Acusaciones;http://www.farc-ep.co/comunicado/comunicado-zona-veredal-de-icononzo-rechaza-rotundamente-falsas-acusaciones.html;374;Secretariado Nacional de las FARC-EP
49;2017-01-05;Desmentimos Falsas Acusaciones Que Nos Vinculan Con Mafias Brasileñas;http://www.farc-ep.co/comunicado/desmentimos-falsas-acusaciones-que-nos-vinculan-con-mafias-brasilenas.html;373;Unidad Centro del Bloque Magdalena Medio FARC – EP
50;2017-01-03;Sobre El Reciente Bombardeo A Los Compañeros Del ELN;http://www.farc-ep.co/comunicado/sobre-el-reciente-bombardeo-a-los-companeros-del-eln.html;372;Estado Mayor Central De Las FARC-EP
51;2016-12-30;Saludo De Las FARC-EP Al Pueblo Colombiano;http://www.farc-ep.co/comunicado/saludo-de-las-farc-ep-al-pueblo-colombiano.html;371;Comisión Internacional De Las FARC-EP
52;2016-12-29;Saludos De Las FARC-EP A Los Pueblos y Gobiernos Del Mundo;http://www.farc-ep.co/comunicado/saludos-de-las-farc-ep-a-los-pueblos-y-gobiernos-del-mundo.html;370;El Gobierno Nacional y las FARC-EP
53;2016-12-28;Comunicado Conjunto #10 Del Gobierno Nacional y las FARC-EP;http://www.farc-ep.co/comunicado/comunicado-conjunto-10-del-gobierno-nacional-y-las-farc-ep.html;369;Estado Mayor Central De Las FARC-EP
54;2016-12-27;Sobre Las Absurdas e Infames Declaraciones Del Gobernador De Antioquia Luis Pérez Gutiérrez;http://www.farc-ep.co/comunicado/sobre-las-absurdas-e-infames-declaraciones-del-gobernador-de-antioquia-luis-perez-gutierrez.html;368;Comando de Dirección del PPT de Vista Hermosa
55;2016-12-21;Denuncia Pública Sobre Hechos Violatorios Del CFHBD Por Parte De La Fuerza Pública;http://www.farc-ep.co/comunicado/denuncia-publica-sobre-hechos-violatorios-del-cfhbd-por-parte-de-la-fuerza-publica-1.html;367;Secretariado Nacional de las FARC-EP
56;2016-12-19;Las FARC-EP rechaza el asesinato del embajador ruso en Turquía, Andréi Kárlov;http://www.farc-ep.co/comunicado/las-farc-ep-rechaza-el-asesinato-del-embajador-ruso-en-turquia-andrei-karlov.html;366;FARC-EP
57;2016-12-13;FARC-EP separa a 5 mandos de sus filas;http://www.farc-ep.co/comunicado/farc-ep-separa-a-5-mandos-de-sus-filas.html;365;Comando del Punto de Pre-Agrupamiento de San Miguel, El Retorno, Guaviare
58;2016-12-08;Paramilitares En El Guaviare;http://www.farc-ep.co/comunicado/paramilitares-en-el-guaviare.html;364;Secretariado Nacional de las FARC-EP
59;2016-12-04;FARC-EP hacen reconocimiento público de responsabilidades frente a familiares de los 12 diputados del Valle;http://www.farc-ep.co/comunicado/farc-ep-hacen-reconocimiento-publico-de-responsabilidades-a-familiares-de-los-12-diputados-del-valle.html;363;FARC-EP
60;2016-12-01;COMUNICADO CONJUNTO #8;http://www.farc-ep.co/comunicado/comunicado-conjunto-8.html;362;FARC-EP
61;2016-11-30;Carta pública a señores Facebook Colombia;http://www.farc-ep.co/comunicado/carta-a-senores-facebook-colombia.html;361;Timoleón Jiménez
62;2016-11-26;Ante la partida del Comandante Fidel Castro Ruz;http://www.farc-ep.co/comunicado/ante-la-partida-del-comandante-fidel-castro-ruz.html;360;Secretariado Nacional de las FARC-EP
63;2016-11-26;Honores a Fidel, profeta de la aurora;http://www.farc-ep.co/comunicado/honores-a-fidel-profeta-de-la-aurora.html;359;FARC-EP
64;2016-11-26;Constancia de las FARC respecto a las definiciones y responsabilidades de los Agentes del Estado en la JEP;http://www.farc-ep.co/comunicado/constancia-de-las-farc-respecto-a-las-definiciones-y-responsabilidades-de-los-agentes-del-estado-en-la-jep.html;358;FARC-EP
65;2016-11-25;En recuerdo del camarada Marcos Ana;http://www.farc-ep.co/comunicado/en-recuerdo-del-camarada-marcos-ana.html;357;Secretariado Nacional de las FARC-EP
66;2016-11-24;Que la palabra sea la única arma de los colombianos;http://www.farc-ep.co/comunicado/que-la-palabra-sea-la-unica-arma-de-los-colombianos-1.html;356;FARC-EP
67;2016-11-24;Comunicado Conjunto # 7;http://www.farc-ep.co/comunicado/comunicado-conjunto-7.html;355;FARC-EP
68;2016-11-22;Comunicado Conjunto #6;http://www.farc-ep.co/comunicado/comunicado-conjunto-6.html;354;Secretariado Nacional de las FARC-EP
69;2016-11-21;Carta abierta al Señor Presidente: Juan Manuel Santos;http://www.farc-ep.co/comunicado/carta-abierta-al-senor-presidente-juan-manuel-santos.html;353;Administrador
70;2016-11-20;Comunicado Del Comando Del Punto De Preagrupamiento Guerrillero Temporal De La Zona Del El Tigre Y Buenavista;http://www.farc-ep.co/comunicado/comunicado-del-comando-del-punto-de-preagrupamiento-guerrillero-temporal-de-la-zona-del-el-tigre-y-buenavista.html;352;Punto de Preagrupamiento Temporal El Diamante
71;2016-11-18;A Los Familiares Del Compañero Erley Monroy;http://www.farc-ep.co/comunicado/a-los-familiares-del-companero-erley-monroy.html;351;FARC-EP
72;2016-11-15;El nuevo acuerdo de paz y de esperanza.;http://www.farc-ep.co/comunicado/el-nuevo-acuerdo-de-paz-y-de-esperanza.html;350;FARC-EP
73;2016-11-14;Comunicado Conjunto No. 5;http://www.farc-ep.co/comunicado/comunicado-conjunto-no-5.html;349;Mesa de conversaciones
74;2016-11-12;Comunicado conjunto | Firma del Acuerdo final;http://www.farc-ep.co/comunicado/comunicados-conjunto-firma-del-acuerdo-final.html;348;FARC-EP
75;2016-11-12;Comunicado de prensa Pacto Juvenil y Delegación de Paz FARC-EP;http://www.farc-ep.co/comunicado/comunicado-de-prensa-pacto-juvenil-y-delegacion-de-las-farc-ep.html;347;FARC-EP
76;2016-11-12;Discurso de cierre del Acuerdo Definitivo de Paz de las FARC-EP;http://www.farc-ep.co/comunicado/discurso-de-cierre-del-acuerdo-definitivo-de-paz.html;346;Secretariado Nacional de las FARC-EP
77;2016-11-05;Saludo a las y los policías de Colombia en su día;http://www.farc-ep.co/comunicado/saludo-a-los-todos-los-policias-de-colombia-en-su-dia.html;345;Delegación de paz de las FARC-EP
78;2016-11-02;FARC-EP rechaza el infame asesinato del lider John Jairo Rodríguez Torres;http://www.farc-ep.co/comunicado/farc-ep-rechaza-el-infame-asesinato-del-lider-john-jairo-rodriguez-torres.html;344;Las Delegaciones de Paz del Gobierno Nacional y de las FARC-EP
79;2016-10-27;Comunicado Conjunto No. 03;http://www.farc-ep.co/comunicado/comunicado-conjunto-no-03.html;343;Secretariado Nacional de las FARC-EP
80;2016-10-16;15 de octubre día nacional del prisionero político, historia de resistencia y dignidad;http://www.farc-ep.co/comunicado/15-de-octubre-dia-nacional-del-prisionero-politico-historia-de-resistencia-y-dignidad.html;342;FARC-EP
81;2016-10-14;La paz no se detiene;http://www.farc-ep.co/comunicado/la-paz-no-se-detiene.html;341;Secretariado Nacional de las FARC-EP
82;2016-10-11;Saludamos respaldo ciudadano al Acuerdo Final;http://www.farc-ep.co/comunicado/saludamos-respaldo-ciudadano-al-acuerdo-final.html;340;Secretariado Nacional de las FARC-EP
83;2016-10-10;Saludamos inicio de fase pública de diálogos entre el Gobierno Nacional y el Ejército de Liberación Nacional.;http://www.farc-ep.co/comunicado/saludamos-inicio-de-fase-publica-de-dialogos-entre-el-gobierno-nacional-y-el-ejercito-de-liberacion-nacional.html;339;Timoleón Jiménez
84;2016-10-08;Ganar la paz es la gran victoria de todos los colombianos.;http://www.farc-ep.co/comunicado/ganar-la-paz-es-la-gran-victoria-de-todos-los-colombianos.html;338;Secretariado Nacional de las FARC-EP
85;2016-10-08;El Che vive, invitando a la lucha, inspirando un nuevo amanecer;http://www.farc-ep.co/comunicado/el-che-vive-invitando-a-la-lucha-inspirando-un-nuevo-amanecer.html;337;Secretariado Nacional de las FARC-EP
86;2016-10-03;La paz llegó para quedarse;http://www.farc-ep.co/comunicado/la-paz-llego-para-quedarse.html;336;Secretariado Nacional de las FARC-EP
87;2016-10-02;Al pueblo colombiano que sueña con la paz que cuente con nosotros.;http://www.farc-ep.co/comunicado/comunicado-de-las-farc-ep-1.html;335;FARC-EP
88;2016-10-01;FARC-EP procederá a declarar economía de guerra;http://www.farc-ep.co/comunicado/farc-ep-procedera-a-declarar-economia-de-guerra.html;334;Secretariado del Estado Mayor Central de las FARC-EP
89;2016-09-30;Perdón, Bojayá;http://www.farc-ep.co/comunicado/perdon-bojaya.html;333;Secretariado del Estado Mayor Central de las FARC-EP
90;2016-09-30;Perdón, Chinita;http://www.farc-ep.co/comunicado/perdon-chinita.html;332;Timoleón Jiménez
91;2016-09-26;Nuestra única arma será la palabra;http://www.farc-ep.co/comunicado/nuestra-unica-arma-sera-la-palabra.html;331;Secretariado del Estado Mayor Central de las FARC-EP
92;2016-09-23;Declaración Política de la X Conferencia Nacional Guerrillera – Comandante Manuel Marulanda Vélez;http://www.farc-ep.co/comunicado/declaracion-politica-de-la-x-conferencia-nacional-guerrillera-comandante-manuel-marulanda-velez.html;330;Timoleón Jiménez
93;2016-09-17;Palabras de instalación del Comandante Timoleón Jiménez en la X Conferencia Nacional Guerrillera;http://www.farc-ep.co/comunicado/palabras-de-instalacion-del-comandante-timoleon-jimenez-en-la-x-conferencia-nacional-guerrillera.html;329;El Gobierno Nacional y Las FARC-EP
94;2016-09-14;Comunicado Conjunto No. 01, Reunión entre Gobierno Nacional y FARC-EP en el Yarí;http://www.farc-ep.co/comunicado/comunicado-conjunto-no-01-reunion-entre-gobierno-nacional-y-farc-ep-en-el-yari.html;328;Secretariado Nacional de las FARC-EP
95;2016-09-08;Las Garantías de Seguridad deben implementarse ya;http://www.farc-ep.co/comunicado/farc-ep-rechaza-el-asesinato-de-la-lider-cecilia-coicue.html;327;Secretariado Nacional de las FARC-EP
96;2016-08-30;Algunas precisiones necesarias;http://www.farc-ep.co/comunicado/algunas-precisiones-necesarias.html;326;Secretariado del Estado Mayor Central de las FARC-EP
97;2016-08-12;A Fidel en el 90 aniversario de su nacimiento;http://www.farc-ep.co/comunicado/a-fidel-en-el-90-aniversario-de-su-nacimiento.html;325;Secretariado Nacional de las FARC-EP
98;2016-08-09;26 años de la partida de Jacobo Arenas;http://www.farc-ep.co/comunicado/26-anos-de-la-partida-de-jacobo-arenas.html;324;Secretariado Nacional de las FARC-EP
99;2016-07-26;Saludo de las FARC-EP al Gobierno, al Partido y al pueblo de Cuba con ocasión del 26 de Julio;http://www.farc-ep.co/comunicado/saludo-de-las-farc-ep-al-gobierno-al-partido-y-al-pueblo-de-cuba-con-ocasion-del-26-de-julio.html;323;Secretariado Nacional de las FARC-EP
100;2016-07-06;Fin de las medidas de tributación de las FARC-EP;http://www.farc-ep.co/comunicado/fin-de-las-medidas-de-tributacion-de-las-farc-ep.html;322;Secretariado Nacional de las FARC-EP
101;2016-07-05;Condolencias a Iván Márquez por muerte de su madre;http://www.farc-ep.co/comunicado/nuestras-condolencias-a-ivan-marquez-y-a-su-familia-por-muerte-de-su-senora-madre.html;321;Secretariado Nacional de las FARC-EP
102;2016-06-23;Que éste sea el último día de la guerra;http://www.farc-ep.co/comunicado/que-este-sea-el-ultimo-dia-de-la-guerra.html;320;Secretariado Nacional de las FARC-EP
103;2016-06-11;FARC-EP se solidarizan con familias de las víctimas en Orlando, Florida;http://www.farc-ep.co/comunicado/farc-ep-se-solidarizan-con-victimas-de-masacre-en-orlando-florida.html;319;Secretariado Nacional de las FARC-EP
104;2016-05-29;Informamos sobre la muerte del Camarada Bernardo Peñaloza;http://www.farc-ep.co/comunicado/informamos-muerte-del-camarada-bernardo-penaloza.html;318;Secretariado Nacional de las FARC-EP
105;2016-05-25;52 años de lucha por la paz en Colombia;http://www.farc-ep.co/comunicado/52-anos-de-lucha-por-la-paz-en-colombia.html;317;Secretariado Nacional de las FARC-EP
106;2016-05-13;El pueblo brasileño sabrá inclinar de nuevo la balanza a su favor;http://www.farc-ep.co/comunicado/el-pueblo-brasileno-sabra-inclinar-de-nuevo-la-balanza-a-su-favor.html;316;Secretariado Nacional de las FARC-EP
107;2016-05-09;A las madres de todo el mundo en su día;http://www.farc-ep.co/comunicado/a-las-madres-de-todo-el-mundo-en-su-dia.html;315;Secretariado Nacional de las FARC-EP
108;2016-04-30;Saludo a los trabajadores en su día;http://www.farc-ep.co/comunicado/saludo-a-los-trabajadores-en-su-dia.html;314;Secretariado Nacional de las FARC-EP
109;2016-03-26;Manuel vive en cada uno de nosotros;http://www.farc-ep.co/comunicado/manuel-vive-en-cada-uno-de-nosotros.html;313;Secretariado Nacional de las FARC-EP
110;2016-03-08;Saludo a la mujer colombiana;http://www.farc-ep.co/comunicado/saludo-a-la-mujer-colombiana.html;312;Secretariado Nacional de las FARC-EP
111;2016-03-07;Vivirás para siempre, Iván;http://www.farc-ep.co/comunicado/viviras-para-siempre-ivan.html;311;Secretariado Nacional de las FARC-EP
112;2016-03-05;Chávez y su obra serán siempre un referente para las FARC-EP;http://www.farc-ep.co/comunicado/chavez-y-su-obra-seran-siempre-un-referente-para-las-farc-ep.html;310;Secretariado Nacional de las FARC-EP
113;2016-03-01;Raúl Reyes vive al igual que sus ideas;http://www.farc-ep.co/comunicado/raul-reyes-vive-al-igual-que-sus-ideas.html;309;Secretariado Nacional de las FARC-EP
114;2016-02-24;Carta de condolencia a la familia Castro Ruz;http://www.farc-ep.co/comunicado/carta-de-condolencia-a-la-familia-castro-ruz.html;308;Secretariado Nacional de las FARC-EP
115;2016-02-19;FARC-EP se pronuncia por la injustificada polémica por presencia en El Conejo.;http://www.farc-ep.co/comunicado/farc-ep-se-pronuncia-por-la-injustificada-polemica-por-presencia-en-el-conejo.html;307;Secretariado Nacional de las FARC-EP
116;2016-02-19;Comunicado: Las FARC-EP repudian atentado contra alcalde de Puerto Rico.;http://www.farc-ep.co/comunicado/comunicado-las-farc-ep-repudian-atentado-contra-alcalde-de-puerto-rico.html;306;Secretariado Nacional de las FARC-EP
117;2016-02-08;Comandante Martín Villa: Ejemplo de dignidad y consecuencia;http://www.farc-ep.co/comunicado/comandante-martin-villa-ejemplo-de-dignidad-y-consecuencia.html;305;Secretariado Nacional de las FARC-EP
118;2016-02-01;¿Quién puede ufanarse de los éxitos del Plan Colombia?;http://www.farc-ep.co/comunicado/quien-puede-ufanarse-de-los-exitos-del-plan-colombia.html;304;Secretariado Nacional de las FARC-EP
119;2016-01-03;Las guerrilleras son mujeres revolucionarias conscientes y libres;http://www.farc-ep.co/comunicado/las-guerrilleras-son-mujeres-revolucionarias-conscientes-y-libres.html;303;Secretariado Nacional de las FARC-EP
120;2015-12-30;Mensaje de fin de año de las FARC-EP;http://www.farc-ep.co/comunicado/mensaje-de-fin-de-ano-de-las-farc-ep.html;302;Secretariado Nacional de las FARC-EP
121;2015-12-13;Venezuela requiere solidaridad en lugar de canibalismo;http://www.farc-ep.co/comunicado/venezuela-requiere-solidaridad-en-lugar-de-canibalismo.html;301;Secretariado Nacional de las FARC-EP
122;2015-11-14;Liberar prisioneros enfermos es un acto humanitario;http://www.farc-ep.co/comunicado/liberar-prisioneros-enfermos-es-un-acto-humanitario.html;300;Secretariado Nacional de las FARC-EP
123;2015-11-04;Alfonso Cano vive, indestructible, sereno y victorioso;http://www.farc-ep.co/comunicado/alfonso-cano-vive-indestructible-sereno-y-victorioso.html;299;Secretariado Nacional de las FARC-EP
124;2015-11-01;Carta al Frente Amplio por la Paz;http://www.farc-ep.co/comunicado/carta-al-frente-amplio-por-la-paz.html;298;Secretariado Nacional de las FARC-EP
125;2015-10-31;En peligro cese al fuego unilteral;http://www.farc-ep.co/comunicado/en-peligro-cese-al-fuego-unilteral.html;297;Secretariado Nacional de las FARC-EP
126;2015-10-14;Estamos con Palestina;http://www.farc-ep.co/comunicado/estamos-con-palestina.html;296;Secretariado Nacional de las FARC-EP
127;2015-10-12;A 523 Años después;http://www.farc-ep.co/comunicado/a-523-anos-despues.html;295;Secretariado Nacional de las FARC-EP
128;2015-10-11;El crimen de Jaime Pardo Leal;http://www.farc-ep.co/comunicado/el-crimen-de-jaime-pardo-leal.html;294;Timoleón Jiménez
129;2015-09-23;Intervención del comandante Timoleón Jiménez en rueda de prensa - La Habana, Cuba.;http://www.farc-ep.co/comunicado/intervencion-del-comandante-timoleon-jimenez-en-la-rueda-de-prensa-en-la-habana.html;293;Secretariado Nacional de las FARC-EP
130;2015-08-26;La paz no se puede improvisar;http://www.farc-ep.co/comunicado/la-paz-no-se-puede-improvisar.html;292;Secretariado Nacional de las FARC-EP
131;2015-08-10;Jacobo Arenas, un infatigable luchador por la paz;http://www.farc-ep.co/comunicado/jacobo-arenas-un-infatigable-luchador-por-la-paz.html;291;Secretariado Nacional de las FARC-EP
132;2015-07-26;Saludo de las FARC-EP al pueblo de Cuba en el 62 aniversario del 26 de Julio;http://www.farc-ep.co/comunicado/saludo-de-las-farc-ep-al-pueblo-de-cuba-en-el-62-aniversario-del-26-de-julio.html;290;Secretariado Nacional de las FARC-EP
133;2015-07-19;FARC-EP ordenan a sus unidades cesar actividades ofensivas a partir del 20 de julio;http://www.farc-ep.co/comunicado/farc-ep-ordenan-a-sus-unidades-cesar-actividades-ofensivas-a-partir-del-20-de-julio.html;289;Secretariado Nacional de las FARC-EP
134;2015-07-08;Comunicado: FARC-EP declara Cese Al Fuego Unilateral;http://www.farc-ep.co/comunicado/comunicado-farc-ep-declara-cese-al-fuego-unilateral.html;288;Secretariado Nacional de las FARC-EP
135;2015-05-27;FARC-EP, 51 años de lucha por la paz;http://www.farc-ep.co/comunicado/farc-ep-51-anos-de-lucha-por-la-paz.html;287;Secretariado Nacional de las FARC-EP
136;2015-04-24;Carta abierta de las FARC-EP al Presidente Santos;http://www.farc-ep.co/comunicado/carta-abierta-de-las-farc-ep-al-presidente-santos.html;286;Secretariado Nacional de las FARC-EP
137;2014-12-17;Cese al fuego unilateral e indefinido;http://www.farc-ep.co/comunicado/cese-al-fuego-unilateral-e-indefinido.html;285;Secretariado Nacional de las FARC-EP
138;2014-06-07;Carta abierta a los candidatos a la Presidencia;http://www.farc-ep.co/comunicado/carta-abierta-a-los-candidatos-a-la-presidencia.html;284;Secretariado Nacional de las FARC-EP
139;2014-06-07;Segundo cese al fuego electroral;http://www.farc-ep.co/comunicado/segundo-cese-al-fuego-electroral.html;283;Secretariado Nacional de las FARC-EP
140;2014-05-27;FARC-EP 1964-2014;http://www.farc-ep.co/comunicado/farc-ep-1964-2014.html;282;Secretariado Nacional de las FARC-EP
141;2014-05-19;Cese al fuego electoral;http://www.farc-ep.co/comunicado/cese-al-fuego-electoral.html;281;Secretariado Nacional de las FARC-EP
142;2014-05-01;Saludo a los trabajadores en su Día Internacional;http://www.farc-ep.co/comunicado/saludo-a-los-trabajadores-en-su-dia-internacional.html;280;Secretariado Nacional de las FARC-EP
143;2014-04-18;Ante la muerte de Gabriel García Márquez;http://www.farc-ep.co/comunicado/ante-la-muerte-de-gabriel-garcia-marquez.html;279;Secretariado Nacional de las FARC-EP
144;2014-03-26;Manuel Marulanda Vélez, una obra viva;http://www.farc-ep.co/comunicado/manuel-marulanda-velez-una-obra-viva.html;278;Secretariado Nacional de las FARC-EP
145;2014-03-21;La guerra cuesta la vida diariamente a muchos hijos e hijas de un pueblo que se merece la paz;http://www.farc-ep.co/comunicado/la-guerra-cuesta-la-vida-diariamente-a-muchos-hijos-e-hijas-de-un-pueblo-que-se-merece-la-paz.html;277;Secretariado Nacional de las FARC-EP
146;2014-03-07;A seis años de su horrendo crimen;http://www.farc-ep.co/comunicado/a-seis-anos-de-su-horrendo-crimen.html;276;Secretariado Nacional de las FARC-EP
147;2014-03-05;A un año de la muerte del Presidente Chávez;http://www.farc-ep.co/comunicado/a-un-ano-de-la-muerte-del-presidente-chavez.html;275;Secretariado Nacional de las FARC-EP
148;2014-03-01;Raúl Reyes y su gente, los verdaderos héroes;http://www.farc-ep.co/comunicado/raul-reyes-y-su-gente-los-verdaderos-heroes.html;274;Secretariado Nacional de las FARC-EP
149;2014-02-20;Falsas revelaciones;http://www.farc-ep.co/comunicado/falsas-revelaciones.html;273;Secretariado Nacional de las FARC-EP
150;2014-02-15;A PROPOSITO DE ANDRÓMEDA;http://www.farc-ep.co/comunicado/a-proposito-de-andromeda.html;272;Secretariado Nacional de las FARC-EP
151;2014-02-10;Comunicado Conjunto de los Comandantes de las FARC–EP y el ELN: ¿PARAMILITARISMO OFICIAL?;http://www.farc-ep.co/comunicado/comunicado-conjunto-de-los-comandantes-de-las-farc-ep-y-el-eln-paramilitarismo-oficial.html;271;Secretariado Nacional de las FARC-EP
152;2014-01-28;SALUDOS A LA CELAC;http://www.farc-ep.co/comunicado/saludos-a-la-celac.html;270;Secretariado Nacional de las FARC-EP
153;2014-01-21;Comunicado sobre Pradera;http://www.farc-ep.co/comunicado/comunicado-sobre-pradera.html;269;Secretariado Nacional de las FARC-EP
154;2014-01-16;DECLARACIÓN PÚBLICA A propósito del fin del cese el fuego unilateral;http://www.farc-ep.co/comunicado/declaracion-publica-a-proposito-del-fin-del-cese-el-fuego-unilateral.html;268;Secretariado Nacional de las FARC-EP
155;2014-01-05;DECLARACIÓN PÚBLICA  En torno al informe del Washington Post;http://www.farc-ep.co/comunicado/declaracion-publica-en-torno-al-informe-del-washington-post.html;267;Secretariado Nacional de las FARC-EP
156;2013-12-31;Saludo a la revolución cubana en su 55 aniversario;http://www.farc-ep.co/comunicado/saludo-a-la-revolucion-cubana-en-su-55-aniversario.html;266;Secretariado Nacional de las FARC-EP
157;2013-12-25;SALUDO AL PUEBLO COLOMBIANO CON OCASIÓN DEL FIN DE AÑO La unidad es indispensable en la lucha por la paz;http://www.farc-ep.co/comunicado/saludo-al-pueblo-colombiano-con-ocasion-del-fin-de-ano-la-unidad-es-indispensable-en-la-lucha-por-la-paz.html;265;Secretariado Nacional de las FARC-EP
158;2013-12-23;A los integrantes de las dos Fuerzas:;http://www.farc-ep.co/comunicado/a-los-integrantes-de-las-dos-fuerzas.html;264;Secretariado Nacional de las FARC-EP
159;2013-12-23;La paz, un derecho inalienable de los pueblos;http://www.farc-ep.co/comunicado/la-paz-un-derecho-inalienable-de-los-pueblos.html;263;Secretariado Nacional de las FARC-EP
160;2013-12-23;A las Milicias Bolivarianas, nuestro abrazo de año nuevo.;http://www.farc-ep.co/comunicado/a-las-milicias-bolivarianas-nuestro-abrazo-de-ano-nuevo.html;262;Secretariado Nacional de las FARC-EP
161;2013-12-18;A Michelle Bachelet;http://www.farc-ep.co/comunicado/a-michelle-bachelet.html;261;Secretariado Nacional de las FARC-EP
162;2013-12-13;A propósito de la destitución de Gustavo Petro;http://www.farc-ep.co/comunicado/a-proposito-de-la-destitucion-de-gustavo-petro.html;260;Secretariado Nacional de las FARC-EP
163;2013-12-09;Cese de fuegos y hostilidades  Comunicado del Secretariado Nacional;http://www.farc-ep.co/comunicado/cese-de-fuegos-y-hostilidades-comunicado-del-secretariado-nacional.html;259;Secretariado Nacional de las FARC-EP
164;2013-12-06;Ante el adiós de Madiba;http://www.farc-ep.co/comunicado/ante-el-adios-de-madiba.html;258;Secretariado Nacional de las FARC-EP
165;2013-11-04;Inspirados por Alfonso Cano crecen nuestras esperanzas de paz;http://www.farc-ep.co/comunicado/inspirados-por-alfonso-cano-crecen-nuestras-esperanzas-de-paz.html;257;Secretariado Nacional de las FARC-EP
166;2013-11-02;COMUNICADO Otra violación a los protocolos acordados;http://www.farc-ep.co/comunicado/comunicado-otra-violacion-a-los-protocolos-acordados.html;256;Secretariado Nacional de las FARC-EP
167;2013-10-07;Nuestro abrazo de aliento al Partido Comunista de Vietnam, a la República Socialista de Vietnam y a su heroico pueblo: Vo Nguyen Giap, guerrero del siglo XX, arquitecto del futuro;http://www.farc-ep.co/comunicado/nuestro-abrazo-de-aliento-al-partido-comunista-de-vietnam-a-la-republica-socialista-de-vietnam-y-a-su-heroico-pueblo-vo-nguyen-giap-guerrero-del-siglo-xx-arquitecto-del-futuro.html;255;Secretariado Nacional de las FARC-EP
168;2013-09-28;Comunicado - Liberación de Kevin Scott;http://www.farc-ep.co/comunicado/comunicado-liberacion-de-kevin-scott.html;254;Secretariado Nacional de las FARC-EP
169;2013-09-22;UN HIJO DEL CAMPO COLOMBIANO Jorge Briceño, un hijo del pueblo;http://www.farc-ep.co/comunicado/un-hijo-del-campo-colombiano-jorge-briceno-un-hijo-del-pueblo.html;253;Secretariado Nacional de las FARC-EP
170;2013-08-05;Liberación del soldado norteamericano Kevin Scott;http://www.farc-ep.co/comunicado/liberacion-del-soldado-norteamericano-kevin-scott.html;252;Secretariado Nacional de las FARC-EP
171;2013-07-19;Captura del soldado norteamericano Kevin Scott Sutay;http://www.farc-ep.co/comunicado/captura-del-soldado-norteamericano-kevin-scott-sutay.html;251;Secretariado Nacional de las FARC-EP
172;2013-07-01;El ELN y las FARC-EP, comprometidos y unidos en el mismo objetivo de alcanzar una sociedad democrática, incluyente, soberana y en paz;http://www.farc-ep.co/comunicado/el-eln-y-las-farc-ep-comprometidos-y-unidos-en-el-mismo-objetivo-de-alcanzar-una-sociedad-democratica-incluyente-soberana-y-en-paz.html;250;Secretariado Nacional de las FARC-EP
173;2013-07-01;Declaración por la paz;http://www.farc-ep.co/comunicado/declaracion-por-la-paz.html;249;Secretariado Nacional de las FARC-EP
174;2013-06-11;Respuesta a ONIC;http://www.farc-ep.co/comunicado/respuesta-a-onic.html;248;ESTADO MAYOR BLOQUE COMANDANTE ALFONSO CANO
175;2013-06-09;DENUNCIA DEL SUR OCCIDENTE DEL PAÍS ¿Por qué mienten de ese modo?;http://www.farc-ep.co/comunicado/denuncia-del-sur-occidente-del-pais-por-que-mienten-de-ese-modo.html;247;Secretariado Nacional de las FARC-EP
176;2013-06-09;Declaración de las FARC-EP Entre el cielo y el infierno;http://www.farc-ep.co/comunicado/declaracion-de-las-farc-ep-entre-el-cielo-y-el-infierno.html;246;Secretariado Nacional de las FARC-EP
177;2013-06-03;Rechazo rotundo a las afirmaciones del presidente Juan Manuel Santos;http://www.farc-ep.co/comunicado/rechazo-rotundo-a-las-afirmaciones-del-presidente-juan-manuel-santos.html;245;Secretariado Nacional de las FARC-EP
178;2013-06-01;Comunicado de las FARC-EP Sobre la crisis del proceso de paz;http://www.farc-ep.co/comunicado/comunicado-de-las-farc-ep-sobre-la-crisis-del-proceso-de-paz.html;244;Secretariado Nacional de las FARC-EP
179;2013-05-27;De Marquetalia a La Habana: 49 años luchando por la paz;http://www.farc-ep.co/comunicado/de-marquetalia-a-la-habana-49-anos-luchando-por-la-paz.html;243;Secretariado Nacional de las FARC-EP
180;2013-05-12;Camarada Carlos Patiño: ¡Presente y combatiente!;http://www.farc-ep.co/comunicado/camarada-carlos-patino-presente-y-combatiente.html;242;Secretariado Nacional de las FARC-EP
181;2013-04-20;Al señor Francisco Santos;http://www.farc-ep.co/comunicado/al-senor-francisco-santos.html;241;Secretariado Nacional de las FARC-EP
182;2013-03-31;FARC-EP y ELN “unidad es parte de victoria”;http://www.farc-ep.co/comunicado/farc-ep-y-eln-unidad-es-parte-de-victoria.html;240;Secretariado Nacional de las FARC-EP
183;2013-03-26;MANUEL VIVO;http://www.farc-ep.co/comunicado/manuel-vivo.html;239;Secretariado Nacional de las FARC-EP
184;2013-03-21;Muy mala memoria la del mindefensa Pinzón;http://www.farc-ep.co/comunicado/muy-mala-memoria-la-del-mindefensa-pinzon.html;238;Secretariado Nacional de las FARC-EP
185;2013-03-19;Saludo a la entronización de S. S. Francisco;http://www.farc-ep.co/comunicado/saludo-a-la-entronizacion-de-s-s-francisco.html;237;Secretariado Nacional de las FARC-EP
186;2013-03-17;Las FARC-EP advertimos al país y el mundo;http://www.farc-ep.co/comunicado/las-farc-ep-advertimos-al-pais-y-el-mundo.html;236;Secretariado Nacional de las FARC-EP
187;2013-03-06;La memoria de Iván Ríos será siempre un faro encendido en la ruta de la paz;http://www.farc-ep.co/comunicado/la-memoria-de-ivan-rios-sera-siempre-un-faro-encendido-en-la-ruta-de-la-paz.html;235;Secretariado Nacional de las FARC-EP
188;2013-03-05;HASTA SIEMPRE COMANDANTE HUGO CHAVEZ;http://www.farc-ep.co/comunicado/hasta-siempre-comandante-hugo-chavez.html;234;Secretariado Nacional de las FARC-EP
189;2013-02-26;Declaración del Estado Mayor Central de las FARC-EP;http://www.farc-ep.co/comunicado/declaracion-del-estado-mayor-central-de-las-farc-ep.html;233;Secretariado Nacional de las FARC-EP
190;2013-02-04;La campaña de la ultraderecha contra el proceso de paz de La Habana arrecia su intensidad;http://www.farc-ep.co/comunicado/la-campana-de-la-ultraderecha-contra-el-proceso-de-paz-de-la-habana-arrecia-su-intensidad.html;232;Secretariado Nacional de las FARC-EP
191;2013-02-02;FARC-EP Informan sobre la captura de los agentes de la policía nacional Cristian Camilo Yate Sánchez y a Víctor Alfonso Gonzales Ramírez quienes se encontraban en labores de inteligencia;http://www.farc-ep.co/comunicado/farc-ep-informan-sobre-la-captura-de-los-agentes-de-la-policia-nacional-cristian-camilo-yate-sanchez-y-a-victor-alfonso-gonzales-ramirez-quienes-se-encontraban-en-labores-de-inteligencia.html;231;Secretariado Nacional de las FARC-EP
192;2013-01-20;DECLARACIÓN PÚBLICA;http://www.farc-ep.co/comunicado/declaracion-publica-1.html;230;Secretariado Nacional de las FARC-EP
193;2012-12-28;La Paz le pertenece al pueblo;http://www.farc-ep.co/comunicado/la-paz-le-pertenece-al-pueblo.html;229;Secretariado Nacional de las FARC-EP
194;2012-12-28;Saludo de Año Nuevo Para la militancia del Partido Comunista Clandestino Colombiano;http://www.farc-ep.co/comunicado/saludo-de-ano-nuevo-para-la-militancia-del-partido-comunista-clandestino-colombiano.html;228;Secretariado Nacional de las FARC-EP
195;2012-12-05;DECLARACIÓN POLÍTICA La paz, un esfuerzo conjunto de toda la nación;http://www.farc-ep.co/comunicado/declaracion-politica-la-paz-un-esfuerzo-conjunto-de-toda-la-nacion.html;227;Secretariado Nacional de las FARC-EP
196;2012-11-30;Toda nuestra solidaridad con el pueblo Palestino;http://www.farc-ep.co/comunicado/toda-nuestra-solidaridad-con-el-pueblo-palestino.html;226;Error
197;2012-11-23;Declaración Pública: Rechazamos amenazas a familiares de guerrilleros;http://www.farc-ep.co/comunicado/declaracion-publica-rechazamos-amenazas-a-familiares-de-guerrilleros.html;225;Secretariado Nacional de las FARC-EP
198;2012-11-22;Señores comité internacional de la cruz roja (CICR).;http://www.farc-ep.co/comunicado/senores-comite-internacional-de-la-cruz-roja-cicr.html;224;Secretariado Nacional de las FARC-EP
199;2012-11-20;Saludo del Secretariado de las FARC-EP a la Mesa de conversaciones;http://www.farc-ep.co/comunicado/saludo-del-secretariado-de-las-farc-ep-a-la-mesa.html;223;Secretariado Nacional de las FARC-EP
200;2012-11-18;Primer cese al fuego unilateral de las FARC-EP;http://www.farc-ep.co/comunicado/abriendo-senderos-hacia-la-paz.html;222;Secretariado Nacional de las FARC-EP
201;2012-11-06;EN EL PRIMER ANIVERSARIO DE SU MUERTE: RINDAMOS TRIBUTO AL CAMARADA ALFONSO CANO FORTALECIENDO LA UNIDAD POPULAR;http://www.farc-ep.co/comunicado/en-el-primer-aniversario-de-su-muerte-rindamos-tributo-al-camarada-alfonso-cano-fortaleciendo-la-unidad-popular.html;221;Secretariado Nacional de las FARC-EP
202;2012-10-19;Nuestro sueño, la paz con justicia social y soberanía;http://www.farc-ep.co/comunicado/nuestro-sueno-la-paz-con-justicia-social-y-soberania.html;220;Secretariado Nacional de las FARC-EP
203;2012-10-11;Saludo a Chávez;http://www.farc-ep.co/comunicado/saludo-a-chavez.html;219;Secretariado Nacional de las FARC-EP
204;2012-10-02;Carta abierta al Comandante Simón Trinidad;http://www.farc-ep.co/comunicado/carta-abierta-al-comandante-simon-trinidad.html;218;Secretariado Nacional de las FARC-EP
205;2012-10-01;DECLARACIÓN POLÍTICA;http://www.farc-ep.co/comunicado/declaracion-politica.html;217;Secretariado Nacional de las FARC-EP
206;2012-09-22;Evocando al Comandante Jorge Briceño en su segundo aniversario ¡Nacimos para vencer, y no para ser vencidos!;http://www.farc-ep.co/comunicado/evocando-al-comandante-jorge-briceno-en-su-segundo-aniversario-nacimos-para-vencer-y-no-para-ser-vencidos.html;216;Secretariado Nacional de las FARC-EP
207;2012-09-04;La Mesa de Conversaciones, un triunfo del clamor nacional por la paz y la solución política;http://www.farc-ep.co/comunicado/la-mesa-de-conversaciones-un-triunfo-del-clamor-nacional-por-la-paz-y-la-solucion-politica.html;215;Secretariado Nacional de las FARC-EP
208;2012-07-22;Declaración Pública: Sobre la actualidad del país.;http://www.farc-ep.co/comunicado/declaracion-publica-sobre-la-actualidad-del-pais.html;214;Secretariado Nacional de las FARC-EP
209;2012-06-08;Declaración Pública ¡Que vivan los estudiantes!;http://www.farc-ep.co/comunicado/declaracion-publica-que-vivan-los-estudiantes.html;213;Secretariado Nacional de las FARC-EP
210;2012-05-28;Regresa triunfante la palabra;http://www.farc-ep.co/comunicado/regresa-triunfante-la-palabra.html;212;Secretariado Nacional de las FARC-EP
211;2012-05-27;FARC-EP, 48 años de lucha armada rebelde;http://www.farc-ep.co/comunicado/farc-ep-48-anos-de-lucha-armada-rebelde.html;211;Secretariado Nacional de las FARC-EP
212;2012-05-26;A la gran familia fariana en nuestro 48 aniversario;http://www.farc-ep.co/comunicado/a-la-gran-familia-fariana-en-nuestro-48-aniversario.html;210;Secretariado Nacional de las FARC-EP
213;2012-03-29;Cuatro años sin el comandante Manuel: Su memoria vive en la lucha diaria de nuestro pueblo por alcanzar La Nueva Colombia;http://www.farc-ep.co/comunicado/cuatro-anos-sin-el-comandante-manuel-su-me-moria-vive-en-la-lucha-diaria-de-nuestro-pueblo-por-alcanzar-la-nueva-colombia.html;209;Secretariado Nacional de las FARC-EP
214;2012-03-26;Comunicado: Dificultades para la liberación de los 10 prisioneros de Guerra el 26 de marzo;http://www.farc-ep.co/comunicado/comunicado-dificultades-para-la-liberacion-de-los-10-prisioneros-de-guerra-el-26-de-marzo.html;208;Secretariado Nacional de las FARC-EP
215;2012-02-26;Declaración pública sobre prisioneros y retenciones;http://www.farc-ep.co/comunicado/declaracion-publica-sobre-prisioneros-y-retenciones.html;207;Secretariado Nacional de las FARC-EP
216;2012-02-22;Diez años después;http://www.farc-ep.co/comunicado/diez-anos-despues.html;206;Secretariado Nacional de las FARC-EP
217;2011-12-29;Al pueblo colombiano;http://www.farc-ep.co/comunicado/al-pueblo-colombiano.html;205;Secretariado Nacional de las FARC-EP
218;2011-08-12;SALUDO AL ENCUENTRO NACIONAL POR LA PAZ;http://www.farc-ep.co/comunicado/saludo-al-encuentro-nacional-por-la-paz.html;204;Secretariado Nacional de las FARC-EP
219;2011-05-26;47 Años de batallas por la paz de Colombia desde la resistencia armada;http://www.farc-ep.co/comunicado/47-anos-de-batallas-por-la-paz-de-colombia-desde-la-resistencia-armada.html;203;Secretariado Nacional de las FARC-EP
220;2011-04-30;¡A la calle, a protestar el 1 de mayo!;http://www.farc-ep.co/comunicado/a-la-calle-a-protestar-el-1-de-mayo.html;202;Comisión Internacional de las FARC-EP
221;2011-04-25;La solidaridad es un principio;http://www.farc-ep.co/comunicado/la-solidaridad-es-un-principio.html;201;Secretariado Nacional de las FARC-EP
222;2011-04-08;In Memorian;http://www.farc-ep.co/comunicado/in-memorian.html;200;Secretariado Nacional de las FARC-EP
223;2011-04-08;¡La oligarquía mató a Gaitán!;http://www.farc-ep.co/comunicado/la-oligarquia-mato-a-gaitan.html;199;Secretariado Nacional de las FARC-EP
224;2010-09-10;¡Gloria eterna al comandante Jorge Briceño, héroe del pueblo en su resistencia contra el opresor!;http://www.farc-ep.co/comunicado/gloria-eterna-al-comandante-jorge-briceno-heroe-del-pueblo-en-su-resistencia-contra-el-opresor.html;198;Secretariado Nacional de las FARC-EP
225;2010-07-21;Sobre las elecciones presidenciales;http://www.farc-ep.co/comunicado/sobre-las-elecciones-presidenciales.html;197;Secretariado Nacional de las FARC-EP
226;2010-07-20;El grito de independencia: Un grito de batalla;http://www.farc-ep.co/comunicado/el-grito-de-independencia-un-grito-de-batalla.html;196;Secretariado Nacional de las FARC-EP
227;2010-07-19;Año bicentenario del grito de independencia;http://www.farc-ep.co/comunicado/ano-bicentenario-del-grito-de-independencia.html;195;Secretariado Nacional de las FARC-EP
228;2010-05-27;Aniversario 46 de FARC-EP - Batallar por una Nueva Colombia;http://www.farc-ep.co/comunicado/aniversario-46-de-farc-ep-batallar-por-una-nueva-colombia.html;194;Secretariado Nacional de las FARC-EP
229;2009-12-23;Saludo de fin de año;http://www.farc-ep.co/comunicado/saludo-de-fin-de-ano.html;193;Secretariado Nacional de las FARC-EP
230;2009-12-08;Sobre la liberación del cabo Moncayo;http://www.farc-ep.co/comunicado/sobre-la-liberacion-del-cabo-moncayo.html;192;Secretariado Nacional de las FARC-EP
231;2009-11-13;Nuestra Patria es América;http://www.farc-ep.co/comunicado/nuestra-patria-es-america.html;191;Secretariado Nacional de las FARC-EP
232;2009-11-06;Las mentiras del comisionado Pearl;http://www.farc-ep.co/comunicado/las-mentiras-del-comisionado-pearl.html;190;Secretariado Nacional de las FARC-EP
233;2009-09-22;Anuncio liberación de Pablo Emilio Moncayo;http://www.farc-ep.co/comunicado/anuncio-liberacion-de-pablo-emilio-moncayo.html;189;Secretariado Nacional de las FARC-EP
234;2009-07-25;La invasión militar gringa;http://www.farc-ep.co/comunicado/la-invasion-militar-gringa.html;188;Secretariado Nacional de las FARC-EP
235;2009-07-23;Sobre sucesos en Honduras;http://www.farc-ep.co/comunicado/sobre-sucesos-en-honduras.html;187;Secretariado Nacional de las FARC-EP
236;2009-07-20;Veinte de julio;http://www.farc-ep.co/comunicado/veinte-de-julio.html;186;Error
237;2009-06-03;A los militares de honor;http://www.farc-ep.co/comunicado/a-los-militares-de-honor.html;185;Secretariado Nacional de las FARC-EP
238;2009-05-09;Fascismo a la criolla;http://www.farc-ep.co/comunicado/fascismo-a-la-criolla.html;184;Secretariado Nacional de las FARC-EP
239;2009-05-01;Primero de mayo;http://www.farc-ep.co/comunicado/primero-de-mayo.html;183;Secretariado Nacional de las FARC-EP
240;2009-04-01;Gestores De Traición;http://www.farc-ep.co/comunicado/gestores-de-traicion.html;182;Secretariado Nacional de las FARC-EP
241;2009-03-15;De las FARC-EP a los prisioneros de guerra;http://www.farc-ep.co/comunicado/de-las-farc-ep-a-los-prisioneros-de-guerra.html;181;Secretariado Nacional de las FARC-EP
242;2009-03-01;A un año de la partida de Raúl e Iván;http://www.farc-ep.co/comunicado/a-un-ano-de-la-partida-de-raul-e-ivan.html;180;Secretariado Nacional de las FARC-EP
243;2008-12-10;Comunicado frontera con Ecuador;http://www.farc-ep.co/comunicado/comunicado-frontera-con-ecuador.html;179;Secretariado Nacional de las FARC-EP
244;2008-12-06;Comunicado: Reajuste a la comisión del canje;http://www.farc-ep.co/comunicado/comunicado-reajuste-a-la-comision-del-canje.html;178;Secretariado Nacional de las FARC-EP
245;2008-11-06;Comunicado: La destitución de los generales y el terrorismo del estado;http://www.farc-ep.co/comunicado/comunicado-la-destitucion-de-los-generales-y-el-terrorismo-del-estado.html;177;Secretariado Nacional de las FARC-EP
246;2008-10-30;Comunicado sobre la fuga de Lzcano;http://www.farc-ep.co/comunicado/comunicado-sobre-la-fuga-de-lzcano.html;176;Secretariado Nacional de las FARC-EP
247;2008-09-20;Comunicado sobre los últimos acontecimientos;http://www.farc-ep.co/comunicado/comunicado-sobre-los-ultimos-acontecimientos.html;175;Secretariado Nacional de las FARC-EP
248;2008-08-10;Detención de Carlos García Orjuela;http://www.farc-ep.co/comunicado/detencion-de-carlos-garcia-orjuela.html;174;Secretariado Nacional de las FARC-EP
249;2008-08-04;Canje de prisioneros;http://www.farc-ep.co/comunicado/canje-de-prisioneros.html;173;Secretariado Nacional de las FARC-EP
250;2008-07-05;Comunicado sobre la traición;http://www.farc-ep.co/comunicado/comunicado-sobre-la-traicion.html;172;Secretariado Nacional de las FARC-EP
251;2008-06-26;Carta A Daniel Ortega;http://www.farc-ep.co/comunicado/carta-a-daniel-ortega.html;171;Secretariado Nacional de las FARC-EP
252;2008-05-27;44 aniversario de las FARC-EP;http://www.farc-ep.co/comunicado/44-aniversario-de-las-farc-ep.html;170;Secretariado Nacional de las FARC-EP
253;2008-05-09;Álvaro Uribe Debe Renunciar;http://www.farc-ep.co/comunicado/alvaro-uribe-debe-renunciar.html;169;Secretariado Nacional de las FARC-EP
254;2008-04-17;Comunicado sobre el canje abril 17;http://www.farc-ep.co/comunicado/comunicado-sobre-el-canje-abril-17.html;168;Secretariado Nacional de las FARC-EP
255;2008-04-04;Comunicado sobre el canje;http://www.farc-ep.co/comunicado/comunicado-sobre-el-canje.html;167;Secretariado Nacional de las FARC-EP
256;2008-03-15;Comunicado sobre los efectos del asesinato de Raúl Reyes;http://www.farc-ep.co/comunicado/comunicado-sobre-los-efectos-del-asesinato-de-raul-reyes.html;166;Secretariado Nacional de las FARC-EP
257;2008-03-08;Comunicado sobre el asesinato del camarada Iván Ríos;http://www.farc-ep.co/comunicado/comunicado-sobre-el-asesinato-del-camarada-ivan-rios.html;165;Secretariado Nacional de las FARC-EP
258;2008-03-02;Comunicado sobre la muerte del camarada Raúl Reyes;http://www.farc-ep.co/comunicado/comunicado-sobre-la-muerte-del-camarada-raul-reyes.html;164;Secretariado Nacional de las FARC-EP
259;2008-02-15;Comunicado sobre el canje;http://www.farc-ep.co/comunicado/comunicado-sobre-el-canje.html;163;Secretariado Nacional de las FARC-EP
260;2008-01-31;Comunicado liberación de los parlamentarios: Gloria Polanco de Lozada, Luís Eladio Pérez y Orlando Beltrán Cuellar;http://www.farc-ep.co/comunicado/comunicado-liberacion-de-los-parlamentarios-gloria-polanco-de-lozada-luis-eladio-perez-y-orlando-beltran-cuellar.html;162;Secretariado Nacional de las FARC-EP
261;2008-01-08;Comunicado sobre entrega de 2 rehenes;http://www.farc-ep.co/comunicado/comunicado-sobre-entrega-de-2-rehenes.html;161;Secretariado Nacional de las FARC-EP
262;2008-01-02;Comunicado sobre el secuestro de Emanuel;http://www.farc-ep.co/comunicado/comunicado-sobre-el-secuestro-de-emanuel.html;160;Secretariado Nacional de las FARC-EP
263;2008-01-01;Saludo de fin de año 2007 de FARC-EP;http://www.farc-ep.co/comunicado/saludo-de-fin-de-ano-2007-de-farc-ep.html;159;Secretariado Nacional de las FARC-EP
264;2007-11-30;Alvaro Uribe manipuló pruebas de supervivencia de prisioneros de guerra;http://www.farc-ep.co/comunicado/alvaro-uribe-manipulo-pruebas-de-supervivencia-de-prisioneros-de-guerra.html;158;Secretariado Nacional de las FARC-EP
265;2007-11-30;Ante abrumador apoyo internacional Uribe se acobarda;http://www.farc-ep.co/comunicado/ante-abrumador-apoyo-internacional-uribe-se-acobarda.html;157;Manuel Marulanda Vélez
266;2007-11-25;Carta de Manuel Marulanda Vélez al presidente Hugo Rafael Chávez Frías;http://www.farc-ep.co/comunicado/carta-de-manuel-marulanda-velez-a-presidente-hugo-rafael-chavez-frias.html;156;Secretariado Nacional de las FARC-EP
267;2007-08-28;Ha muerto en combate el comandante Martín Caballero;http://www.farc-ep.co/comunicado/ha-muerto-en-combate-el-comandante-martin-caballero.html;155;Comando Conjunto de Occidente.
268;2007-06-24;Lamentamos informar a la opinión pública que 11 diputados del Valle han muerto;http://www.farc-ep.co/comunicado/lamentamos-informar-a-la-opinion-publica-que-11-diputados-del-valle-han-muerto.html;154;Secretariado Nacional de las FARC-EP
269;2007-06-22;Comunicado el canje es producto de acuerdos;http://www.farc-ep.co/comunicado/comunicado-el-canje-es-producto-de-acuerdos.html;153;Secretariado Nacional de las FARC-EP
270;2007-05-28;Maniobra para distraer la opinión;http://www.farc-ep.co/comunicado/maniobra-para-distraer-la-opinion.html;152;Secretariado Nacional de las FARC-EP
271;2007-03-30;Carta a los mandatarios del mundo;http://www.farc-ep.co/comunicado/carta-a-los-mandatarios-del-mundo.html;151;Secretariado Nacional de las FARC-EP
272;2007-03-27;Realizada con éxito la novena Conferencia Nacional Guerrillera;http://www.farc-ep.co/comunicado/realizada-con-exito-la-novena-conferencia-nacional-guerrillera.html;150;Secretariado Nacional de las FARC-EP
273;2006-01-01;Saludo de fin de año 2005 de FARC-EP;http://www.farc-ep.co/comunicado/saludo-de-fin-de-ano-2005-de-farc-ep.html;149;Secretariado Nacional de las FARC-EP
274;2005-12-30;Con Uribe no habrá intercambio humanitario.;http://www.farc-ep.co/comunicado/con-uribe-no-habra-intercambio-humanitario.html;148;Secretariado Nacional de las FARC-EP
275;2005-10-20;Atentado Vargas Lleras y Carta a Coroneles;http://www.farc-ep.co/comunicado/atentado-vargas-lleras-y-carta-a-coroneles.html;147;Secretariado Nacional de las FARC-EP
276;2005-09-25;Carta pública sobre el intercambio de de prisioneros;http://www.farc-ep.co/comunicado/carta-publica-sobre-el-intercambio-de-de-prisioneros.html;146;Secretariado Nacional de las FARC-EP
277;2005-08-15;30 días de despeje de la fuerza publica en los municipios de florida y pradera;http://www.farc-ep.co/comunicado/30-dias-de-despeje-de-la-fuerza-publica-en-los-municipios-de-florida-y-pradera.html;145;Secretariado Nacional de las FARC-EP
278;2005-08-05;Carta abierta de las FARC-EP (Liberación de prisioneros);http://www.farc-ep.co/comunicado/carta-abierta-de-las-farc-ep.html;144;Secretariado Nacional de las FARC-EP
279;2005-05-28;41 Aniversario de las FARC-EP;http://www.farc-ep.co/comunicado/41-aniversario-de-las-farc-ep.html;143;Secretariado Nacional de las FARC-EP
280;2005-03-28;Carta abierta al Congreso Colombiano;http://www.farc-ep.co/comunicado/carta-abierta-al-congreso-colombiano.html;142;FARC-EP
281;2005-03-14;Carta abierta a la corte suprema de justicia;http://www.farc-ep.co/comunicado/carta-abierta-a-la-corte-suprema-de-justicia.html;141;Secretariado Nacional de las FARC-EP
282;2005-02-26;Injusta extradición de Simón Trinidad a los Estados Unidos;http://www.farc-ep.co/comunicado/injusta-extradicion-de-simon-trinidad-a-los-estados-unidos.html;140;Secretariado Nacional de las FARC-EP
283;2005-02-14;Canje de prisioneros sigue inmodificable;http://www.farc-ep.co/comunicado/canje-de-prisioneros-sigue-inmodificable.html;139;FARC-EP
284;2005-02-08;Presidente Jacques Chirac;http://www.farc-ep.co/comunicado/presidente-jacques-chirac.html;138;Secretariado Nacional de las FARC-EP
285;2005-01-27;Los Derechos Humanos y el Fascista Plan Patriota.;http://www.farc-ep.co/comunicado/los-derechos-humanos-y-el-fascista-plan-patriota.html;137;FARC-EP
286;2005-01-14;Secuestro de Ricardo Téllez;http://www.farc-ep.co/comunicado/secuestro-de-ricardo-tellez.html;136;Secretariado Nacional de las FARC-EP
287;2004-12-31;Secuestro en Centro de Caracas de Ricardo Téllez;http://www.farc-ep.co/comunicado/secuestro-en-centro-de-caracas-de-ricardo-tellez.html;135;Secretariado Nacional de las FARC-EP
288;2004-12-13;Carta abierta de las FARC, Kofi Annam Secretario General de la ONU;http://www.farc-ep.co/comunicado/carta-abierta-de-las-farc-kofi-annam-secretario-general-de-la-onu.html;134;Secretariado Nacional de las FARC-EP
289;2004-11-29;Despeje de Florida y Pradera (Valle del Cauca);http://www.farc-ep.co/comunicado/despeje-de-florida-y-pradera-valle-del-cauca.html;133;Secretariado Nacional de las FARC-EP
290;2004-09-15;Reafirmamos nuestra disposición para pactar el Canje de prisioneros;http://www.farc-ep.co/comunicado/reafirmamos-nuestra-disposicion-para-pactar-el-canje-de-prisioneros.html;132;Secretariado Nacional de las FARC-EP
291;2004-05-30;Saludo de FARC-EP al 19 Congreso del Partido Comunista Colombiano;http://www.farc-ep.co/comunicado/saludo-de-farc-ep-al-19-congreso-del-partido-comunista-colombiano.html;131;Secretariado Nacional de las FARC-EP
292;2004-02-25;Vergonzoso revés político internacional del Presidente Uribe;http://www.farc-ep.co/comunicado/vergonzoso-reves-politico-internacional-del-presidente-uribe.html;130;Secretariado Nacional de las FARC-EP
293;2003-11-30;Estado Mayor Central aumenta a 31 integrantes;http://www.farc-ep.co/comunicado/estado-mayor-central-aumenta-a-31-integrantes.html;129;Secretariado Nacional de las FARC-EP
294;2003-11-26;Pleno 2003 - Reafirmamos Nuestra Decisión De Lucha Y Confianza En El Triunfo!;http://www.farc-ep.co/comunicado/pleno-2003-reafirmamos-nuestra-decision-de-lucha-y-confianza-en-el-triunfo.html;128;Secretariado Nacional de las FARC-EP
295;2003-11-18;¡Álvaro Uribe Debe Renunciar!;http://www.farc-ep.co/comunicado/alvaro-uribe-debe-renunciar.html;127;Secretariado Nacional de las FARC-EP
296;2003-09-30;EL REFERENDO: OBRAS SON AMORES....;http://www.farc-ep.co/comunicado/el-referendo-obras-son-amores.html;126;Manuel Marulanda Vélez
297;2003-09-20;A Coroneles - Manuel Marulanda Vélez;http://www.farc-ep.co/comunicado/a-coroneles-manuel-marulanda-velez.html;125;Secretariado Nacional de las FARC-EP
298;2003-08-23;A muerto el Comandante Efraín Guzmán (Nariño);http://www.farc-ep.co/comunicado/comunicado-sobre-el-camarada-narino.html;124;Secretariado Nacional de las FARC-EP
299;2003-07-30;Comunicado Conjunto de las FARC-EP y el ELN;http://www.farc-ep.co/comunicado/comunicado-conjunto-de-las-farc-ep-y-el-eln.html;123;Secretariado Nacional de las FARC-EP
300;2003-07-30;Falsas reuniones entre familiares de Ingrid Betancourt y funcionarios franceses;http://www.farc-ep.co/comunicado/falsas-reuniones-entre-familiares-de-ingrid-betancourt-y-funcionarios-franceses.html;122;Secretariado Nacional de las FARC-EP
301;2003-07-13;La estrategia de guerra total de Alvaro Uribe Vélez;http://www.farc-ep.co/comunicado/la-estrategia-de-guerra-total-de-alvaro-uribe-velez.html;121;Secretariado Nacional de las FARC-EP
302;2003-06-23;Contra la política de Alvaro Uribe de privatización de las empresas públicas;http://www.farc-ep.co/comunicado/contra-la-politica-de-alvaro-uribe-de-privatizacion-de-las-empresas-publicas.html;120;Secretariado Nacional de las FARC-EP
303;2003-05-28;¡Desde Marquetalia, Hasta La Victoria!;http://www.farc-ep.co/comunicado/desde-marquetalia-hasta-la-victoria.html;119;Secretariado Nacional de las FARC-EP
304;2003-04-27;Carta abierta de las FARC-EP a los expresidentes liberales;http://www.farc-ep.co/comunicado/carta-abierta-de-las-farc-ep-a-los-expresidentes-liberales.html;118;Secretariado Nacional de las FARC-EP
305;2003-04-07;Alvaro Uribe Vélez responsable de la muerte de prisioneros de guerra;http://www.farc-ep.co/comunicado/alvaro-uribe-velez-responsable-de-la-muerte-de-prisioneros-de-guerra.html;117;Secretariado Nacional de las FARC-EP
306;2003-03-08;FARC-EP no son responsables de lamentable hecho del Nogal;http://www.farc-ep.co/comunicado/farc-ep-no-son-responsables-de-lamentable-hecho-del-nogal.html;116;Secretariado Nacional de las FARC-EP
307;2003-03-03;Garantías de seguridad para prisioneros canjeables depende del gobierno;http://www.farc-ep.co/comunicado/garantias-de-seguridad-para-prisioneros-canjeables-depende-del-gobierno.html;115;Secretariado Nacional de las FARC-EP
308;2003-02-25;Evidente intervención militar de EE.UU en Colombia;http://www.farc-ep.co/comunicado/evidente-intervencion-militar-de-ee-uu-en-colombia.html;114;Secretariado Nacional de las FARC-EP
309;2003-02-22;Cuatro agentes de la CIA están en nuestro poder;http://www.farc-ep.co/comunicado/cuatro-agentes-de-la-cia-estan-en-nuestro-poder.html;113;Secretariado Nacional de las FARC-EP
310;2003-02-09;Gobierno se niega a definir comisión para liberación de prisioneros;http://www.farc-ep.co/comunicado/gobierno-se-niega-a-definir-comision-para-liberacion-de-prisioneros.html;112;Comisión Inernacional
311;2003-01-22;Chantaje internacional contra las FARC-EP;http://www.farc-ep.co/comunicado/chantaje-internacional-contra-las-farc-ep.html;111;Secretariado Nacional de las FARC-EP
312;2003-01-01;Saludo de fin de año 2002;http://www.farc-ep.co/comunicado/saludo-de-fin-de-ano-2002.html;110;Secretariado Nacional de las FARC-EP
313;2002-12-11;Gobierno de falsos rumores y mentiras;http://www.farc-ep.co/comunicado/gobierno-de-falsos-rumores-y-mentiras.html;109;Secretariado Nacional de las FARC-EP
314;2002-09-30;Gobierno De Impuestos, Guerra Total Sin Diálogos Y Entrega De La Soberanía;http://www.farc-ep.co/comunicado/gobierno-de-impuestos-guerra-total-sin-dialogos-y-entrega-de-la-soberania.html;108;Secretariado Nacional de las FARC-EP
315;2002-08-21;Carta abierta al Presidente Álvaro Uribe Vélez;http://www.farc-ep.co/comunicado/carta-abierta-al-presidente-alvaro-uribe-velez.html;107;Secretariado Nacional de las FARC-EP
316;2002-08-03;A familiares de personas canjeables;http://www.farc-ep.co/comunicado/a-familiares-de-personas-canjeables.html;106;Secretariado Nacional de las FARC-EP
317;2002-07-16;Carta abierta de las FARC-EP al secretario general de la ONU;http://www.farc-ep.co/comunicado/carta-abierta-de-las-farc-ep-al-secretario-general-de-la-onu.html;105;Secretariado Nacional de las FARC-EP
318;2002-07-09;Sobre los alcaldes;http://www.farc-ep.co/comunicado/sobre-los-alcaldes.html;104;Secretariado Nacional de las FARC-EP
319;2002-07-06;A proposito de la inclusión de las FARC-EP como organización terrorista;http://www.farc-ep.co/comunicado/a-proposito-de-la-inclusion-de-las-farc-ep-como-organizacion-terrorista.html;103;Secretariado Nacional de las FARC-EP
320;2002-05-24;La doble moral del presidente Andrés Pastrana Arango;http://www.farc-ep.co/comunicado/la-doble-moral-del-presidente-andres-pastrana-arango.html;102;Secretariado Nacional de las FARC-EP
321;2002-05-16;Ante las futuras elecciones;http://www.farc-ep.co/comunicado/ante-las-futuras-elecciones.html;101;Secretariado Nacional de las FARC-EP
322;2002-05-08;Las FARC-EP y las elecciones presidenciales;http://www.farc-ep.co/comunicado/las-farc-ep-y-las-elecciones-presidenciales.html;100;Bloque José María córdoba de las FARC-EP.
323;2002-05-08;Lamentable suceso en la población de Bojayá;http://www.farc-ep.co/comunicado/lamentable-suceso-en-la-poblacion-de-bojaya.html;99;Raúl Reyes
324;2002-05-08;Carta abierta a los gobiernos de francia, suecia y demás;http://www.farc-ep.co/comunicado/carta-abierta-a-los-gobiernos-de-francia-suecia-y-demas.html;98;Secretariado Nacional de las FARC-EP
325;2002-04-23;La ruptura del proceso de paz del Caguán;http://www.farc-ep.co/comunicado/la-ruptura-del-proceso-de-paz-del-caguan.html;97;Bloque Comandante Alfonso Cano
326;2002-04-20;Diputados En Canje;http://www.farc-ep.co/comunicado/diputados-en-canje.html;96;Secretariado Nacional de las FARC-EP
327;2002-02-26;Han sido retenidas Ingrit Betancur y su jefe de campaña Clara Rojas;http://www.farc-ep.co/comunicado/han-sido-retenidas-ingrit-betancur-y-su-jefe-de-campana-clara-rojas.html;95;Voceros de las FARC-EP
328;2002-02-22;Se dá por terminado el Proceso de Diálogo con las FARC-EP;http://www.farc-ep.co/comunicado/se-da-por-terminado-el-proceso-de-dialogo-con-las-farc-ep.html;94;FARC-EP
329;2002-01-30;Temas de consenso para el futuro de paz;http://www.farc-ep.co/comunicado/temas-de-consenso-para-el-futuro-de-paz.html;93;FARC-EP
330;2002-01-22;Declaración del grupo de los países facilitadotes;http://www.farc-ep.co/comunicado/declaracion-del-grupo-de-los-paises-facilitadotes.html;92;FARC-EP
331;2002-01-20;Crisis en la mesa del Caguán;http://www.farc-ep.co/comunicado/crisis-en-la-mesa-del-caguan.html;91;FARC-EP
332;2002-01-11;Alto comisionado para la paz Camilo Gómez miente.;http://www.farc-ep.co/comunicado/alto-comisionado-para-la-paz-camilo-gomez-miente.html;90;Secretariado Nacional de las FARC-EP
333;2002-01-10;No hay garantías para mantener la zona del Caguán;http://www.farc-ep.co/comunicado/no-hay-garantias-para-mantener-la-zona-del-caguan.html;89;FARC-EP
334;2002-01-10;FARC-EP no se han levantado de la mesa;http://www.farc-ep.co/comunicado/farc-ep-no-se-han-levantado-de-la-mesa.html;88;FARC-EP
335;2002-01-09;Miembros del Congreso de la Republica;http://www.farc-ep.co/comunicado/miembros-del-congreso-de-la-republica.html;87;FARC-EP
336;2002-01-09;Organizaciones campesinas, campesinos y agricultores colombianos.;http://www.farc-ep.co/comunicado/organizaciones-campesinas-campesinos-y-agricultores-colombianos.html;86;FARC-EP
337;2002-01-08;Profesores y estudiantes colombianos;http://www.farc-ep.co/comunicado/profesores-y-estudiantes-colombianos.html;85;FARC-EP
338;2002-01-04;Diálogos del Caguán: Doble discurso del gobierno.;http://www.farc-ep.co/comunicado/dialogos-del-caguan-doble-discurso-del-gobierno.html;84;FARC-EP
339;2002-01-03;Diálogos del Caguán, reunión días 3 y 4 de 2002 los voceros de FARC-EP;http://www.farc-ep.co/comunicado/dialogos-del-caguan-reunion-dias-3-y-4-de-2002-los-voceros-de-farc-ep.html;83;Mesa de conversaciones
340;2001-09-28;Se hace público documento para acabar el paramilitarismo;http://www.farc-ep.co/comunicado/comunicado-se-hace-publico-documento-para-acabar-el-paramilitarismo.html;82;Mesa de conversaciones
341;2001-09-08;En desarrollo del primer bloque de la Agenda;http://www.farc-ep.co/comunicado/en-desarrollo-del-primer-bloque-de-la-agenda.html;81;Secretariado Nacional de las FARC-EP
342;2001-06-21;Las Naves Del Intervensionismo;http://www.farc-ep.co/comunicado/las-naves-del-intervensionismo.html;80;Secretariado Nacional de las FARC-EP
343;2001-06-19;Entrega, unilateral de 250 policías y militares prisioneros de guerra;http://www.farc-ep.co/comunicado/entrega-unilateral-de-250-policias-y-militares-prisioneros-de-guerra.html;79;Secretariado Nacional de las FARC-EP
344;2001-06-17;Entrega de 49 hombres de la Fuerza Pública, con problemas de salud;http://www.farc-ep.co/comunicado/entrega-de-49-hombres-de-la-fuerza-publica-con-problemas-de-salud.html;78;Mesa de conversaciones
345;2001-05-11;Discusiones sobre mecanismos para acabar con el paramilitarismo;http://www.farc-ep.co/comunicado/discusiones-sobre-mecanismos-para-acabar-con-el-paramilitarismo.html;77;Mesa de conversaciones
346;2001-04-07;Reunión con la Comisión Facilitadora del Grupo de Países Amigos;http://www.farc-ep.co/comunicado/reunion-con-la-comision-facilitadora-del-grupo-de-paises-amigos.html;76;Secretariado Nacional de las FARC-EP
347;2001-03-10;Documento evaluativo sobre el desarrollo del proceso de paz;http://www.farc-ep.co/comunicado/documento-evaluativo-sobre-el-desarrollo-del-proceso-de-paz.html;75;Secretariado Nacional de las FARC-EP
348;2001-02-17;Reunión con las fuerzas políticas del país;http://www.farc-ep.co/comunicado/reunion-con-las-fuerzas-politicas-del-pais.html;74;FARC-EP
349;2000-10-24;Avances en Temas con Voceros del Gobierno Nacional y las FARC-EP;http://www.farc-ep.co/comunicado/avances-en-temas-con-voceros-del-gobierno-nacional-y-las-farc-ep.html;73;Secretariado Nacional de las FARC-EP
350;2000-08-29;Fallecimiento del Comandante Adán Izquierdo;http://www.farc-ep.co/comunicado/fallecimiento-del-comandante-adan-izquierdo.html;72;Secretariado Nacional de las FARC-EP
351;2000-08-26;Sobre visita a Colombia de Clinton presidente de EEUU;http://www.farc-ep.co/comunicado/sobre-visita-de-colombia-clinton-presidente-de-eeuu.html;71;Secretariado Nacional de las FARC-EP
352;2000-07-12;La derecha militarista quiere sabotear el proceso de paz;http://www.farc-ep.co/comunicado/la-derecha-militarista-quiere-sabotear-el-proceso-de-paz.html;70;Secretariado Nacional de las FARC-EP
353;2000-06-21;Referendo pastranista y Constituyente liberal;http://www.farc-ep.co/comunicado/referendo-pastranista-y-constituyente-liberal.html;69;Secretariado Nacional de las FARC-EP
354;2000-03-30;Carta Abierta Al Congreso y al pueblo de EE.UU;http://www.farc-ep.co/comunicado/carta-abierta-al-congreso-y-al-pueblo-de-ee-uu.html;68;Secretariado Nacional de las FARC-EP
355;2000-03-30;Legalizar el consumo de la droga;http://www.farc-ep.co/comunicado/legalizar-el-consumo-de-la-droga.html;67;Secretariado Nacional de las FARC-EP
356;2000-03-14;No a la privatización de las empresas públicas;http://www.farc-ep.co/comunicado/no-a-la-privatizacion-de-las-empresas-publicas.html;66;Secretariado Nacional de las FARC-EP
357;2000-03-14;No a la privatización de las empresas públicas;http://www.farc-ep.co/comunicado/no-a-la-privatizacion-de-las-empresas-publicas.html;65;Secretariado Nacional de las FARC-EP
358;1999-12-29;EL 2000, AÑO DE LUCHAS CONTRA EL NEOLIBERALISMO;http://www.farc-ep.co/comunicado/el-2000-ano-de-luchas-contra-el-neoliberalismo.html;64;Secretariado Nacional de las FARC-EP
359;1999-12-20;Cese unilateral de las FARC-EP a partir del 20 de Diciembre de 1999;http://www.farc-ep.co/comunicado/cese-unilateral-de-las-farc-ep-a-partir-del-20-de-diciembre-de-1999.html;63;Secretariado Nacional de las FARC-EP
360;1999-08-28;Un paro nacional justo;http://www.farc-ep.co/comunicado/un-paro-nacional-justo.html;62;Comisión Internacional FARC-EP
361;1998-12-17;A la comunidad nacional e internacional;http://www.farc-ep.co/comunicado/a-la-comunidad-nacional-e-internacional.html;61;Raúl Reyes, Joaquín Gómez, Fabián Ramírez
362;1998-12-04;Carta abierta al doctor Andrés Pastrana Arango;http://www.farc-ep.co/comunicado/carta-abierta-al-doctor-andres-pastrana-arango.html;60;Raúl Reyes, Joaquín Gómez, Fabián Ramírez
363;1998-11-26;Despeje de 5 Municipios;http://www.farc-ep.co/comunicado/despeje-de-5-municipios.html;59;Comisión de diálogos FARC-EP
364;1998-11-15;Comunicados público a extranjeros y colombianos;http://www.farc-ep.co/comunicado/comunicados-publico-a-extranjeros-y-colombianos.html;58;FARC-EP
365;1998-09-28;Saludo al 17 congreso del Partido;http://www.farc-ep.co/comunicado/saludo-al-17-congreso-del-partido.html;57;Comisión Internacional de las FARC-EP
366;1998-07-31;Diálogos inician tan pronto despejen los municipios ya acordados;http://www.farc-ep.co/comunicado/dialogos-inician-tan-pronto-despejen-los-municipios-ya-acordados.html;56;Secretariado Nacional de las FARC-EP
367;1998-04-21;Contra la Intervención, Unidad Patriótica y Latinoamericana.;http://www.farc-ep.co/comunicado/contra-la-intervencion-unidad-patriotica-y-latinoamericana.html;55;Secretariado Nacional de las FARC-EP
368;1997-10-11;FARC-EP llaman al pueblo a no votar y empezar la construcción de un verdadero poder popular;http://www.farc-ep.co/comunicado/farc-ep-llaman-al-pueblo-a-no-votar-y-empezar-la-construccion-de-un-verdadero-poder-popular.html;54;Secretariado Nacional de las FARC-EP
369;1997-09-12;Bombardeos contra el secretariado, próximos a encuentros exploratorios con gobierno;http://www.farc-ep.co/comunicado/bombardeos-contra-el-secretariado-proximos-a-encuentros-exploratorios-con-gobierno.html;53;Secretariado Nacional de las FARC-EP
370;1997-08-10;Carta abierta al Señor Presidente, Entrega de prisioneros de guerra;http://www.farc-ep.co/comunicado/carta-abierta-al-senor-presidente-entrega-de-prisioneros-de-guerra.html;52;Secretariado Nacional de las FARC-EP
371;1997-08-05;La Cooperativas Convivir estrategia paramilitar;http://www.farc-ep.co/comunicado/la-cooperativas-convivir-estrategia-paramilitar.html;51;Secretariado Nacional de las FARC-EP
372;1996-10-10;Pueblo Colombiano: A la Carga!;http://www.farc-ep.co/comunicado/pueblo-colombiano-a-la-carga.html;50;Alfonso Cano
373;1996-06-28;Carta a Samper sobre el secuestro de Ricardo Sáenz;http://www.farc-ep.co/comunicado/carta-a-samper-sobre-el-secuestro-de-ricardo-saenz.html;49;Secretariado Nacional de las FARC-EP
374;1996-02-23;El Mandato Samper - El presidente debe renunciar, el caos social que agobian a Colombia;http://www.farc-ep.co/comunicado/el-mandato-samper-el-presidente-debe-renunciar-el-caos-social-que-agobian-a-colombia.html;48;Comisión Internacional
375;1996-02-17;Nuestra Política de Fronteras;http://www.farc-ep.co/comunicado/nuestra-politica-de-fronteras.html;47;Secretariado Nacional de las FARC-EP
376;1995-11-07;Doctor Alvaro Córdoba Triviño, Los militares están atropellando a la población civil;http://www.farc-ep.co/comunicado/doctor-alvaro-cordoba-trivino-los-militares-estan-atropellando-a-la-poblacion-civil.html;46;Secretariado Nacional de las FARC-EP
377;1995-10-19;Señora Liduinez Ampolle, Respuesta de su carta fechada el pasado 1 de octubre;http://www.farc-ep.co/comunicado/senora-liduinez-ampolle-respuesta-de-su-carta-fechada-el-pasado-1-de-octubre.html;45;Secretariado Nacional de las FARC-EP
378;1995-10-17;Investigar autoridades, por violencia política en el Urabá;http://www.farc-ep.co/comunicado/comunicado-investigar-autoridades-por-violencia-politica-en-el-uraba.html;44;Secretariado Nacional de las FARC-EP
379;1995-09-30;A propósito de la Cumbre de los Paises no Alineados Declaración de las FARC;http://www.farc-ep.co/comunicado/a-proposito-de-la-cumbre-de-los-paises-no-alineados-declaracion-de-las-farc.html;43;Secretariado Nacional de las FARC-EP
380;1995-08-23;Recomendaciones a la Población Civil;http://www.farc-ep.co/comunicado/recomendaciones-a-la-poblacion-civil.html;42;Secretariado Nacional de las FARC-EP
381;1995-08-17;Declaración de las FARC-EP: La paz después de un año del Gobierno Samper;http://www.farc-ep.co/comunicado/declaracion-de-las-farc-ep-la-paz-despues-de-un-ano-del-gobierno-samper.html;41;Secretariado Nacional de las FARC-EP
382;1995-08-02;Doctor Ernesto Samper Pizano;http://www.farc-ep.co/comunicado/doctor-ernesto-samper-pizano.html;40;Secretariado Nacional de las FARC-EP
383;1995-06-29;Señores Comisión Nacional de Conciliación;http://www.farc-ep.co/comunicado/senores-comision-nacional-de-conciliacion.html;39;Secretariado Nacional de las FARC-EP
384;1995-06-27;Carta a Samper;http://www.farc-ep.co/comunicado/carta-a-samper.html;38;Secretariado Nacional de las FARC-EP
385;1995-06-08;Comité de Búsqueda de la Paz y red nacional de iniciativas contra la guerra y por la Paz;http://www.farc-ep.co/comunicado/comite-de-busqueda-de-la-paz-y-red-nacional-de-iniciativas-contra-la-guerra-y-por-la-paz.html;37;Secretariado Nacional de las FARC-EP
386;1995-05-30;Carta abierta de las FARC, posibilidades del primer encuentro entre gobierno y las FARC-EP;http://www.farc-ep.co/comunicado/carta-abierta-de-las-farc-posibilidades-del-primer-encuentro-entre-gobierno-y-las-farc-ep.html;36;Secretariado Nacional de las FARC-EP
387;1995-05-28;31 años por la convivencia y la democracia;http://www.farc-ep.co/comunicado/31-anos-por-la-convivencia-y-la-democracia.html;35;Secretariado Nacional de las FARC-EP
388;1995-04-30;Declaración, respecto a la propuesta de paz de Samper;http://www.farc-ep.co/comunicado/declaracion-respecto-a-la-propuesta-de-paz-de-samper.html;34;Secretariado Nacional de las FARC-EP
389;1995-03-20;1995 - Marzo 18 - Comunicado, supuesta muerte del C. Manuel Marulanda;http://www.farc-ep.co/comunicado/1995-marzo-18-comunicado-supuesta-muerte-del-c-manuel-marulanda.html;33;Secretariado Nacional de las FARC-EP
390;1995-03-20;Rechazo a la campaña de confrontación entre Colombia y Venezuela;http://www.farc-ep.co/comunicado/rechazo-a-la-campana-de-confrontacion-entre-colombia-y-venezuela.html;32;Secretariado Nacional de las FARC-EP
391;1995-03-17;Homenaje a la Mujer Colombiana;http://www.farc-ep.co/comunicado/homenaje-a-la-mujer-colombiana.html;31;Secretariado Nacional de las FARC-EP
392;1995-02-18;Carta Abierta al Comicionado para la Paz- Doctor Carlos Holmes Trujillo;http://www.farc-ep.co/comunicado/carta-abierta-al-comicionado-para-la-paz-doctor-carlos-holmes-trujillo.html;30;Secretariado Nacional de las FARC-EP
393;1995-01-05;Doctor Carlos Holmes Trujillo;http://www.farc-ep.co/comunicado/doctor-carlos-holmes-trujillo.html;29;Secretariado Nacional de las FARC-EP
394;1994-12-29;Mensaje de fin de año 94;http://www.farc-ep.co/comunicado/mensaje-de-fin-de-ano-94.html;28;Secretariado Nacional de las FARC-EP
395;1994-11-22;Declaración de las FARC, Intervención Presidencial en Popayán;http://www.farc-ep.co/comunicado/declaracion-de-las-farc-intervencion-presidencial-en-popayan.html;27;Secretariado Nacional de las FARC-EP
396;1994-11-07;Declaracion Pública CGSB, Debate de desaparecidos y asesinatos de la fuerza pública.;http://www.farc-ep.co/comunicado/declaracion-publica-cgsb-debate-de-desaparecidos-y-asesinatos-de-la-fuerza-publica.html;26;Secretariado Nacional de las FARC-EP
397;1994-08-19;Carta al Presidente Samper, Asesinato de Manuel Cepeda Vargas;http://www.farc-ep.co/comunicado/carta-al-presidente-samper-asesinato-de-manuel-cepeda-vargas.html;25;Secretariado Nacional de las FARC-EP
398;1994-08-12;Asesinato de Manuel Cepeda Vargas;http://www.farc-ep.co/comunicado/asesinato-de-manuel-cepeda-vargas.html;24;Secretariado Nacional de las FARC-EP
399;1994-07-17;La Guerra Total de Gaviria, Un Gran Fracaso;http://www.farc-ep.co/comunicado/la-guerra-total-de-gaviria-un-gran-fracaso.html;23;Secretariado Nacional de las FARC-EP
400;1994-06-10;Saludo a los Mandatarios de Iberoamérica, Motivó de su presencia en nuestro país;http://www.farc-ep.co/comunicado/saludo-a-los-mandatarios-de-iberoamerica-motivo-de-su-presencia-en-nuestro-pais.html;22;Secretariado Nacional de las FARC-EP
401;1994-03-25;Carta de las FARC a los candidatos Presidenciales;http://www.farc-ep.co/comunicado/carta-de-las-farc-a-los-candidatos-presidenciales.html;21;Secretariado Nacional de las FARC-EP
402;1994-03-06;Estruendoso fracaso de la guerra integral de Gaviria;http://www.farc-ep.co/comunicado/estruendoso-fracaso-de-la-guerra-integral-de-gaviria.html;20;Secretariado Nacional de las FARC-EP
403;1994-02-17;Llamamiento, Política oligárquica de Cesar Gaviria;http://www.farc-ep.co/comunicado/llamamiento-politica-oligarquica-de-cesar-gaviria.html;19;Secretariado Nacional de las FARC-EP
404;1993-12-03;Carta Abierta al Congreso Nacional , A proposito del debate sobre la ley de orden público;http://www.farc-ep.co/comunicado/carta-abierta-al-congreso-nacional-a-proposito-del-debate-sobre-la-ley-de-orden-publico.html;18;Secretariado Nacional de las FARC-EP
405;1993-10-25;Carta Abierta al Parlamento, Reflexiones en torno a importantes debates que adelantan;http://www.farc-ep.co/comunicado/carta-abierta-al-parlamento-reflexiones-en-torno-a-importantes-debates-que-adelantan.html;17;Secretariado Nacional de las FARC-EP
406;1993-08-05;Por La Paz, Nuevo Gobierno de reconciliación, En Colombia se practica el terrorismo de estado;http://www.farc-ep.co/comunicado/por-la-paz-nuevo-gobierno-de-reconciliacion-en-colombia-se-practica-el-terrorismo-de-estado.html;16;Secretariado Nacional de las FARC-EP
407;1993-04-03;Declaracion política, 8a. Conferencia - Nuevo Gobierno para alcanzar la paz;http://www.farc-ep.co/comunicado/declaracion-politica-8a-conferencia-nuevo-gobierno-para-alcanzar-la-paz.html;15;Secretariado Nacional de las FARC-EP
408;1993-04-04;Realizada con éxito la 8ª Conferencia Nacional de las FARC-EP;http://www.farc-ep.co/comunicado/realizada-con-exito-la-8-conferencia-nacional-de-las-farc-ep.html;14;Secretariado Nacional de las FARC-EP
409;1993-02-19;Circular Interna, Balance sobre el conjunto de tareas;http://www.farc-ep.co/comunicado/circular-interna-balance-sobre-el-conjunto-de-tareas.html;13;FARC-EP
410;1993-02-14;Estruendoso fracaso de la llamada guerra integral;http://www.farc-ep.co/comunicado/estruendoso-fracaso-de-la-llamada-guerra-integral.html;12;FARC-EP
411;1993-02-14;Saludo al foro por la Defensa de los Derechos Humanos y la Paz;http://www.farc-ep.co/comunicado/saludo-al-foro-por-la-defensa-de-los-derechos-humanos-y-la-paz.html;11;FARC-EP
412;1993-02-02;Mensaje al Parlamento Colombiano;http://www.farc-ep.co/comunicado/mensaje-al-parlamento-colombiano.html;10;FARC-EP
413;1992-11-10;Nueva constituyente para salir del caos;http://www.farc-ep.co/comunicado/nueva-constituyente-para-salir-del-caos.html;9;FARC-EP
414;1992-10-31;Por un gran acuerdo político, Protesta ciudadana;http://www.farc-ep.co/comunicado/por-un-gran-acuerdo-politico-protesta-ciudadana.html;8;FARC-EP
415;1992-10-19;Muerte de Joselo Lozada;http://www.farc-ep.co/comunicado/muerte-de-joselo-lozada.html;7;FARC-EP
416;1992-10-18;El gobierno a cancelado unilateralmente las conversaciones en México;http://www.farc-ep.co/comunicado/el-gobierno-a-cancelado-unilateralmente-las-conversaciones-en-mexico.html;6;FARC-EP
417;1992-09-09;Comunicado, Ofensiva militar contra el pueblo en campos y ciudades;http://www.farc-ep.co/comunicado/comunicado-ofensiva-militar-contra-el-pueblo-en-campos-y-ciudades.html;5;CGSB
418;1992-09-08;Comunicado CGSB;http://www.farc-ep.co/comunicado/comunicado-cgsb.html;4;Secretariado Nacional de las FARC-EP
419;1992-06-28;Algunas ideas en torno a los diálogos regionales;http://www.farc-ep.co/comunicado/algunas-ideas-en-torno-a-los-dialogos-regionales.html;3;Secretariado Nacional de las FARC-EP
420;1992-06-28;Carta a los intelectuales;http://www.farc-ep.co/comunicado/carta-a-los-intelectuales.html;2;FARC-EP
421;1964-07-19;Programa Agrario de los Guerrilleros de FARC-EP;http://www.farc-ep.co/comunicado/programa-agrario-guerrilleros-farc-ep.html;1;Error
